"Date","Price","Open","High","Low","Vol.","Change %"
"Dec 31, 2018","169.36","168.55","170.25","168.55","-","0.58%"
"Dec 28, 2018","168.38","167.50","168.90","167.32","-","0.54%"
"Dec 27, 2018","167.48","167.45","169.19","166.82","-","0.04%"
"Dec 26, 2018","167.42","166.62","167.45","166.23","-","0.48%"
"Dec 25, 2018","166.62","166.45","166.66","166.41","-","-0.27%"
"Dec 24, 2018","167.07","167.69","167.71","166.17","-","-0.50%"
"Dec 21, 2018","167.91","168.19","168.69","165.99","-","-0.09%"
"Dec 20, 2018","168.06","169.78","169.78","167.62","-","-1.03%"
"Dec 19, 2018","169.81","170.31","170.77","169.60","-","-0.17%"
"Dec 18, 2018","170.10","172.27","172.27","170.10","-","-1.28%"
"Dec 17, 2018","172.30","173.20","173.49","172.11","-","-0.54%"
"Dec 14, 2018","173.24","175.99","175.99","172.82","-","-1.46%"
"Dec 13, 2018","175.81","174.25","176.16","174.13","-","1.01%"
"Dec 12, 2018","174.05","171.62","174.68","171.62","-","1.50%"
"Dec 11, 2018","171.47","170.83","172.14","170.74","-","0.33%"
"Dec 10, 2018","170.91","172.96","172.96","170.31","-","-1.29%"
"Dec 07, 2018","173.14","173.69","174.67","172.88","-","-0.28%"
"Dec 06, 2018","173.63","177.98","177.98","172.84","-","-2.46%"
"Dec 05, 2018","178.00","180.62","180.62","177.64","-","-1.52%"
"Dec 04, 2018","180.75","181.30","181.73","180.28","-","-0.19%"
"Dec 03, 2018","181.09","176.37","181.58","176.37","-","2.73%"
"Nov 30, 2018","176.28","175.55","176.62","175.39","-","0.49%"
"Nov 29, 2018","175.42","176.52","177.95","175.12","-","-0.57%"
"Nov 28, 2018","176.42","173.80","176.53","173.73","-","1.51%"
"Nov 27, 2018","173.79","173.97","174.09","172.65","-","-0.07%"
"Nov 26, 2018","173.92","171.03","174.07","171.03","-","1.65%"
"Nov 23, 2018","171.10","172.12","172.28","170.63","-","-0.56%"
"Nov 22, 2018","172.07","172.12","172.93","171.69","-","0.01%"
"Nov 21, 2018","172.05","170.51","172.44","168.81","-","0.83%"
"Nov 20, 2018","170.64","173.90","173.90","170.32","-","-1.92%"
"Nov 19, 2018","173.98","173.86","174.84","173.68","-","0.06%"
"Nov 16, 2018","173.88","174.12","174.36","172.89","-","-0.11%"
"Nov 15, 2018","174.08","170.94","174.29","170.81","-","1.90%"
"Nov 14, 2018","170.83","170.94","171.47","169.72","-","-0.08%"
"Nov 13, 2018","170.96","169.79","171.39","166.82","-","0.64%"
"Nov 12, 2018","169.88","170.43","171.05","169.56","-","-0.32%"
"Nov 09, 2018","170.43","174.55","174.55","170.25","-","-2.46%"
"Nov 08, 2018","174.72","175.19","176.98","174.46","-","-0.18%"
"Nov 07, 2018","175.04","174.00","176.05","173.41","-","0.63%"
"Nov 06, 2018","173.95","173.24","174.34","172.22","-","0.38%"
"Nov 05, 2018","173.30","176.46","176.46","172.59","-","-1.76%"
"Nov 02, 2018","176.40","171.36","177.40","171.07","-","3.13%"
"Nov 01, 2018","171.04","167.20","171.33","166.98","-","2.27%"
"Oct 31, 2018","167.24","162.76","167.30","162.76","-","2.76%"
"Oct 30, 2018","162.75","163.09","163.70","161.87","-","-0.21%"
"Oct 29, 2018","163.10","164.55","165.79","162.77","-","-0.86%"
"Oct 26, 2018","164.51","166.31","166.68","163.65","-","-1.02%"
"Oct 25, 2018","166.21","167.36","167.36","163.60","-","-0.69%"
"Oct 24, 2018","167.37","168.96","170.34","167.27","-","-0.92%"
"Oct 23, 2018","168.92","173.73","173.73","168.34","-","-2.82%"
"Oct 22, 2018","173.82","169.98","174.05","169.47","-","2.27%"
"Oct 19, 2018","169.96","169.24","170.76","167.16","-","0.43%"
"Oct 18, 2018","169.23","170.53","171.62","169.09","-","-0.83%"
"Oct 17, 2018","170.64","171.02","171.63","170.44","-","-0.13%"
"Oct 16, 2018","170.87","169.88","171.32","169.32","-","0.66%"
"Oct 15, 2018","169.75","172.55","172.55","169.57","-","-1.66%"
"Oct 12, 2018","172.62","167.55","172.67","167.43","-","3.16%"
"Oct 11, 2018","167.34","174.09","174.09","166.23","-","-3.96%"
"Oct 10, 2018","174.24","175.81","177.10","174.10","-","-0.87%"
"Oct 09, 2018","175.77","176.26","177.12","175.65","-","-0.29%"
"Oct 08, 2018","176.28","178.99","179.60","175.81","-","-1.60%"
"Oct 05, 2018","179.14","180.79","180.79","178.42","-","-0.96%"
"Oct 04, 2018","180.87","184.57","184.57","180.52","-","-2.11%"
"Oct 03, 2018","184.77","184.63","185.42","183.75","-","0.05%"
"Oct 02, 2018","184.67","188.71","188.74","184.39","-","-2.19%"
"Oct 01, 2018","188.81","189.04","189.30","188.72","-","-0.09%"
"Sep 28, 2018","188.98","189.30","190.11","188.70","-","-0.11%"
"Sep 27, 2018","189.19","189.27","189.90","188.58","-","0.00%"
"Sep 26, 2018","189.19","187.89","189.80","187.83","-","0.64%"
"Sep 25, 2018","187.98","187.69","188.09","187.56","-","0.12%"
"Sep 24, 2018","187.76","190.53","190.57","187.57","-","-1.45%"
"Sep 21, 2018","190.52","186.95","191.07","186.94","-","1.95%"
"Sep 20, 2018","186.87","186.15","187.14","185.79","-","0.42%"
"Sep 19, 2018","186.09","183.08","186.19","183.07","-","1.69%"
"Sep 18, 2018","183.00","182.58","183.42","181.11","-","0.22%"
"Sep 17, 2018","182.59","185.08","185.16","182.48","-","-1.39%"
"Sep 14, 2018","185.17","183.35","185.55","183.35","-","1.06%"
"Sep 13, 2018","183.23","179.92","183.54","179.81","-","1.92%"
"Sep 12, 2018","179.78","180.12","180.40","179.02","-","-0.19%"
"Sep 11, 2018","180.12","181.08","181.34","179.42","-","-0.57%"
"Sep 10, 2018","181.15","184.05","184.16","180.98","-","-1.61%"
"Sep 07, 2018","184.12","183.94","185.01","182.52","-","0.10%"
"Sep 06, 2018","183.94","185.97","185.97","183.58","-","-1.11%"
"Sep 05, 2018","186.01","190.19","190.23","185.86","-","-2.23%"
"Sep 04, 2018","190.25","189.61","191.04","189.06","-","0.32%"
"Sep 03, 2018","189.65","191.00","191.16","188.98","-","-0.71%"
"Aug 31, 2018","191.01","192.51","192.51","189.88","-","-0.79%"
"Aug 30, 2018","192.54","194.34","195.23","192.37","-","-0.92%"
"Aug 29, 2018","194.32","193.36","194.38","193.34","-","0.50%"
"Aug 28, 2018","193.36","192.91","194.58","192.91","-","0.28%"
"Aug 27, 2018","192.82","189.01","192.94","189.01","-","2.09%"
"Aug 24, 2018","188.87","189.42","189.43","187.78","-","-0.31%"
"Aug 23, 2018","189.46","190.41","190.97","189.35","-","-0.51%"
"Aug 22, 2018","190.43","189.52","190.55","188.59","-","0.53%"
"Aug 21, 2018","189.43","187.66","189.70","187.66","-","0.96%"
"Aug 20, 2018","187.62","185.16","187.93","185.15","-","1.36%"
"Aug 17, 2018","185.11","184.29","186.25","184.29","-","0.48%"
"Aug 16, 2018","184.22","184.76","185.55","182.52","-","-0.31%"
"Aug 15, 2018","184.79","188.56","188.56","184.22","-","-2.02%"
"Aug 14, 2018","188.60","190.32","190.67","188.29","-","-0.95%"
"Aug 13, 2018","190.40","193.89","193.89","190.16","-","-1.84%"
"Aug 10, 2018","193.96","194.70","195.26","193.20","-","-0.40%"
"Aug 09, 2018","194.74","193.66","195.41","192.93","-","0.54%"
"Aug 08, 2018","193.69","193.22","194.86","193.22","-","0.27%"
"Aug 07, 2018","193.17","191.02","193.53","190.88","-","1.10%"
"Aug 06, 2018","191.06","191.12","192.96","190.85","-","0.04%"
"Aug 03, 2018","190.99","191.21","191.81","190.77","-","-0.13%"
"Aug 02, 2018","191.23","195.05","195.05","190.63","-","-1.96%"
"Aug 01, 2018","195.06","196.27","197.29","194.94","-","-0.62%"
"Jul 31, 2018","196.27","197.01","197.01","195.67","-","-0.38%"
"Jul 30, 2018","197.02","198.42","198.43","196.73","-","-0.70%"
"Jul 27, 2018","198.41","198.55","199.31","197.64","-","-0.10%"
"Jul 26, 2018","198.60","199.98","200.83","198.39","-","-0.54%"
"Jul 25, 2018","199.67","197.63","199.90","197.35","-","1.11%"
"Jul 24, 2018","197.47","195.51","198.29","195.37","-","0.97%"
"Jul 23, 2018","195.58","195.42","196.02","194.91","-","0.17%"
"Jul 20, 2018","195.25","193.84","195.71","192.94","-","0.70%"
"Jul 19, 2018","193.90","195.23","196.24","193.81","-","-0.70%"
"Jul 18, 2018","195.27","195.15","196.60","195.04","-","0.02%"
"Jul 17, 2018","195.23","196.60","196.60","194.48","-","-0.66%"
"Jul 16, 2018","196.52","196.89","197.63","195.73","-","-0.21%"
"Jul 13, 2018","196.94","196.24","197.63","196.24","-","0.37%"
"Jul 12, 2018","196.21","194.23","196.39","193.86","-","0.89%"
"Jul 11, 2018","194.47","196.85","196.86","193.59","-","-1.31%"
"Jul 10, 2018","197.06","197.60","198.86","196.88","-","-0.24%"
"Jul 09, 2018","197.54","194.35","197.79","194.35","-","1.66%"
"Jul 06, 2018","194.31","192.77","194.50","191.28","-","0.79%"
"Jul 05, 2018","192.79","193.52","193.90","191.16","-","-0.44%"
"Jul 04, 2018","193.64","195.35","195.98","193.32","-","-0.84%"
"Jul 03, 2018","195.28","197.50","197.92","192.82","-","-1.18%"
"Jul 02, 2018","197.61","197.92","198.16","196.79","-","-0.15%"
"Jun 29, 2018","197.91","194.27","198.40","194.27","-","1.87%"
"Jun 28, 2018","194.27","194.06","194.75","192.63","-","0.04%"
"Jun 27, 2018","194.20","198.32","198.79","194.08","-","-2.07%"
"Jun 26, 2018","198.30","199.38","199.38","196.28","-","-0.53%"
"Jun 25, 2018","199.35","203.60","203.60","198.97","-","-2.13%"
"Jun 22, 2018","203.69","203.48","204.20","202.04","-","0.10%"
"Jun 21, 2018","203.49","205.74","207.11","203.27","-","-1.06%"
"Jun 20, 2018","205.67","204.40","206.77","204.02","-","0.60%"
"Jun 19, 2018","204.44","210.18","210.18","203.72","-","-2.84%"
"Jun 18, 2018","210.42","210.19","210.42","209.57","-","-0.02%"
"Jun 15, 2018","210.47","211.03","211.42","209.95","-","-0.32%"
"Jun 14, 2018","211.15","212.83","212.83","210.21","-","-0.76%"
"Jun 13, 2018","212.77","214.46","214.59","212.72","-","-0.80%"
"Jun 12, 2018","214.49","213.73","214.70","213.14","-","0.33%"
"Jun 11, 2018","213.78","213.15","213.96","212.77","-","0.28%"
"Jun 08, 2018","213.19","216.05","216.06","212.42","-","-1.35%"
"Jun 07, 2018","216.10","215.58","216.70","215.56","-","0.28%"
"Jun 06, 2018","215.50","214.00","215.61","214.00","-","0.69%"
"Jun 05, 2018","214.03","213.50","214.35","212.94","-","0.27%"
"Jun 04, 2018","213.45","209.53","213.62","209.53","-","1.90%"
"Jun 01, 2018","209.47","208.16","209.62","207.89","-","0.61%"
"May 31, 2018","208.21","205.90","208.33","205.88","-","1.19%"
"May 30, 2018","205.77","208.36","208.36","205.41","-","-1.33%"
"May 29, 2018","208.55","210.28","210.28","208.18","-","-0.83%"
"May 28, 2018","210.30","209.34","210.50","209.17","-","0.48%"
"May 25, 2018","209.29","209.58","209.62","208.84","-","-0.16%"
"May 24, 2018","209.63","208.95","209.93","208.79","-","0.33%"
"May 23, 2018","208.95","211.07","211.35","208.43","-","-0.98%"
"May 22, 2018","211.02","211.25","211.55","211.02","-","-0.07%"
"May 21, 2018","211.17","210.01","212.36","210.01","-","0.53%"
"May 18, 2018","210.05","210.22","211.15","209.91","-","-0.10%"
"May 17, 2018","210.25","211.42","213.40","210.15","-","-0.55%"
"May 16, 2018","211.41","211.16","211.47","209.76","-","0.07%"
"May 15, 2018","211.27","213.80","213.98","210.77","-","-1.20%"
"May 14, 2018","213.84","211.23","214.13","211.22","-","1.29%"
"May 11, 2018","211.12","209.69","211.97","209.69","-","0.79%"
"May 10, 2018","209.46","207.71","209.90","207.71","-","0.83%"
"May 09, 2018","207.73","207.33","208.26","207.14","-","0.13%"
"May 08, 2018","207.46","204.81","207.52","204.81","-","1.27%"
"May 07, 2018","204.86","203.50","204.95","203.06","-","0.70%"
"May 04, 2018","203.44","203.74","204.31","202.36","-","-0.10%"
"May 03, 2018","203.64","205.70","205.71","202.79","-","-1.03%"
"May 02, 2018","205.75","206.62","206.76","205.14","-","-0.17%"
"May 01, 2018","206.11","205.57","206.11","205.56","-","-0.23%"
"Apr 30, 2018","206.58","203.08","206.83","203.08","-","1.37%"
"Apr 27, 2018","203.78","201.52","203.96","201.52","-","1.13%"
"Apr 26, 2018","201.50","202.43","203.23","200.18","-","-0.50%"
"Apr 25, 2018","202.51","204.57","204.57","201.85","-","-0.99%"
"Apr 24, 2018","204.54","203.51","205.46","203.17","-","0.44%"
"Apr 23, 2018","203.65","205.60","205.60","203.47","-","-1.00%"
"Apr 20, 2018","205.70","208.94","208.94","205.39","-","-1.59%"
"Apr 19, 2018","209.03","206.74","209.46","206.74","-","1.13%"
"Apr 18, 2018","206.70","205.36","207.65","204.80","-","0.67%"
"Apr 17, 2018","205.33","206.82","206.88","204.41","-","-0.70%"
"Apr 16, 2018","206.77","208.89","208.89","206.00","-","-1.01%"
"Apr 13, 2018","208.87","210.10","211.09","208.66","-","-0.61%"
"Apr 12, 2018","210.15","210.97","211.65","209.28","-","-0.39%"
"Apr 11, 2018","210.98","210.49","211.87","210.49","-","0.24%"
"Apr 10, 2018","210.48","206.92","210.56","206.75","-","1.68%"
"Apr 09, 2018","207.01","204.71","207.44","204.71","-","1.04%"
"Apr 06, 2018","204.88","203.99","206.00","203.99","-","0.35%"
"Apr 05, 2018","204.16","203.92","204.45","203.79","-","0.07%"
"Apr 04, 2018","204.01","206.62","207.19","202.79","-","-1.25%"
"Apr 03, 2018","206.60","206.61","207.27","204.63","-","-0.00%"
"Apr 02, 2018","206.61","207.82","208.01","206.28","-","-0.49%"
"Mar 30, 2018","207.62","207.77","208.00","207.62","-","0.17%"
"Mar 29, 2018","207.26","206.57","207.58","205.29","-","0.34%"
"Mar 28, 2018","206.55","211.52","211.52","206.30","-","-2.37%"
"Mar 27, 2018","211.56","210.83","213.49","210.83","-","0.39%"
"Mar 26, 2018","210.73","208.39","210.83","207.12","-","1.10%"
"Mar 23, 2018","208.44","213.58","213.63","207.22","-","-2.47%"
"Mar 22, 2018","213.71","217.55","218.88","213.50","-","-1.71%"
"Mar 21, 2018","217.43","218.63","220.52","217.36","-","-0.58%"
"Mar 20, 2018","218.69","217.79","218.74","216.30","-","0.44%"
"Mar 19, 2018","217.74","218.87","219.37","217.50","-","-0.54%"
"Mar 16, 2018","218.92","218.99","219.11","217.83","-","-0.00%"
"Mar 15, 2018","218.93","217.66","219.30","216.32","-","0.60%"
"Mar 14, 2018","217.63","218.11","218.11","215.81","-","-0.22%"
"Mar 13, 2018","218.11","218.32","219.13","217.97","-","-0.10%"
"Mar 12, 2018","218.32","214.71","218.56","214.71","-","1.71%"
"Mar 09, 2018","214.65","212.33","214.78","212.32","-","1.05%"
"Mar 08, 2018","212.41","209.95","212.81","209.95","-","1.18%"
"Mar 07, 2018","209.94","211.26","212.04","209.30","-","-0.61%"
"Mar 06, 2018","211.23","206.92","211.41","206.92","-","2.11%"
"Mar 05, 2018","206.87","209.71","210.47","206.09","-","-1.35%"
"Mar 02, 2018","209.70","212.39","212.39","208.66","-","-1.29%"
"Mar 01, 2018","212.44","212.05","213.15","210.24","-","0.05%"
"Feb 28, 2018","212.33","214.18","214.20","211.53","-","-0.94%"
"Feb 27, 2018","214.34","216.59","218.28","214.12","-","-1.01%"
"Feb 26, 2018","216.52","215.42","217.01","215.42","-","0.54%"
"Feb 23, 2018","215.36","212.46","215.49","212.46","-","1.39%"
"Feb 22, 2018","212.40","214.52","214.55","212.22","-","-1.02%"
"Feb 21, 2018","214.59","210.73","215.40","210.73","-","1.92%"
"Feb 20, 2018","210.54","210.89","211.92","209.26","-","0.03%"
"Feb 19, 2018","210.47","210.81","210.83","210.47","-","0.00%"
"Feb 16, 2018","210.47","211.15","211.37","210.47","-","-0.23%"
"Feb 15, 2018","210.95","208.12","211.56","208.04","-","1.47%"
"Feb 14, 2018","207.89","204.16","208.27","204.06","-","1.90%"
"Feb 13, 2018","204.02","201.46","205.03","201.46","-","1.28%"
"Feb 12, 2018","201.44","200.66","202.90","200.66","-","0.47%"
"Feb 09, 2018","200.50","205.29","205.29","198.00","-","-2.33%"
"Feb 08, 2018","205.28","206.36","208.35","205.06","-","-0.55%"
"Feb 07, 2018","206.41","207.51","212.83","206.24","-","-0.42%"
"Feb 06, 2018","207.28","216.56","216.56","205.97","-","-4.35%"
"Feb 05, 2018","216.71","220.30","220.30","215.19","-","-1.73%"
"Feb 02, 2018","220.53","221.46","222.15","219.88","-","-0.43%"
"Feb 01, 2018","221.48","223.74","225.08","221.21","-","-1.00%"
"Jan 31, 2018","223.72","222.05","223.96","220.64","-","0.75%"
"Jan 30, 2018","222.05","225.32","225.33","221.66","-","-1.50%"
"Jan 29, 2018","225.43","226.56","228.08","225.27","-","-0.53%"
"Jan 26, 2018","226.62","223.41","226.62","223.16","-","1.39%"
"Jan 25, 2018","223.51","224.57","225.18","222.95","-","-0.35%"
"Jan 24, 2018","224.29","224.62","225.07","222.74","-","-0.18%"
"Jan 23, 2018","224.70","221.53","224.72","221.53","-","1.47%"
"Jan 22, 2018","221.45","219.50","221.64","219.09","-","0.85%"
"Jan 19, 2018","219.59","217.81","219.86","217.81","-","0.81%"
"Jan 18, 2018","217.83","216.92","218.37","216.81","-","0.42%"
"Jan 17, 2018","216.92","216.09","217.11","214.78","-","0.37%"
"Jan 16, 2018","216.12","213.82","217.30","213.67","-","1.04%"
"Jan 15, 2018","213.90","214.39","215.97","213.74","-","-0.24%"
"Jan 12, 2018","214.42","212.39","214.66","212.39","-","0.97%"
"Jan 11, 2018","212.37","213.19","213.24","211.62","-","-0.40%"
"Jan 10, 2018","213.23","213.99","214.39","212.82","-","-0.43%"
"Jan 09, 2018","214.15","213.44","214.15","213.20","-","0.30%"
"Jan 08, 2018","213.52","212.27","213.54","212.27","-","0.59%"
"Jan 05, 2018","212.27","211.08","212.33","210.32","-","0.57%"
"Jan 04, 2018","211.06","209.63","211.32","209.57","-","0.65%"
"Jan 03, 2018","209.69","208.42","210.35","208.41","-","0.60%"
"Jan 02, 2018","208.43","203.71","208.48","203.71","-","2.37%"
"Dec 29, 2017","203.61","202.98","204.04","202.98","-","0.30%"
"Dec 28, 2017","203.00","201.33","203.32","201.33","-","0.81%"
"Dec 27, 2017","201.36","201.07","201.58","200.90","-","0.12%"
"Dec 26, 2017","201.12","202.04","202.04","201.01","-","-0.42%"
"Dec 25, 2017","201.97","202.04","202.09","201.85","-","-0.02%"
"Dec 22, 2017","202.01","200.47","202.11","200.47","-","0.75%"
"Dec 21, 2017","200.50","199.25","200.73","199.07","-","0.63%"
"Dec 20, 2017","199.24","199.47","199.81","198.99","-","-0.11%"
"Dec 19, 2017","199.45","198.88","200.15","198.85","-","0.29%"
"Dec 18, 2017","198.88","197.81","198.97","197.50","-","0.56%"
"Dec 15, 2017","197.78","199.42","199.42","197.15","-","-0.84%"
"Dec 14, 2017","199.46","199.54","200.66","199.16","-","-0.02%"
"Dec 13, 2017","199.49","197.77","199.71","197.10","-","0.87%"
"Dec 12, 2017","197.77","199.48","199.82","197.57","-","-0.89%"
"Dec 11, 2017","199.54","197.21","199.61","197.21","-","1.15%"
"Dec 08, 2017","197.28","194.59","197.66","194.59","-","1.35%"
"Dec 07, 2017","194.66","193.88","195.17","193.01","-","0.37%"
"Dec 06, 2017","193.94","197.25","197.42","193.40","-","-1.72%"
"Dec 05, 2017","197.34","199.23","199.23","196.72","-","-0.93%"
"Dec 04, 2017","199.19","199.09","200.70","197.82","-","0.04%"
"Dec 01, 2017","199.11","199.83","200.91","198.95","-","-0.36%"
"Nov 30, 2017","199.83","203.39","203.39","199.67","-","-1.76%"
"Nov 29, 2017","203.42","204.95","205.77","202.58","-","-0.76%"
"Nov 28, 2017","204.97","205.18","205.28","203.19","-","-0.11%"
"Nov 27, 2017","205.20","207.54","207.54","205.12","-","-1.12%"
"Nov 24, 2017","207.53","206.99","207.86","206.78","-","0.29%"
"Nov 23, 2017","206.92","208.49","209.39","206.58","-","-0.69%"
"Nov 22, 2017","208.36","208.66","209.49","208.08","-","0.37%"
"Nov 21, 2017","207.59","204.14","207.86","204.14","-","1.73%"
"Nov 20, 2017","204.06","203.71","204.41","203.08","-","0.18%"
"Nov 17, 2017","203.69","202.30","204.36","202.30","-","0.74%"
"Nov 16, 2017","202.20","200.61","202.43","200.49","-","0.85%"
"Nov 15, 2017","200.50","202.40","202.40","199.78","-","-0.92%"
"Nov 14, 2017","202.37","203.18","204.03","202.28","-","-0.39%"
"Nov 13, 2017","203.17","203.08","203.68","202.79","-","0.07%"
"Nov 10, 2017","203.03","203.24","203.63","202.41","-","-0.09%"
"Nov 09, 2017","203.22","202.68","203.89","202.55","-","0.28%"
"Nov 08, 2017","202.65","203.14","203.90","202.61","-","-0.26%"
"Nov 07, 2017","203.17","200.95","203.37","200.95","-","1.13%"
"Nov 06, 2017","200.89","200.02","200.98","197.99","-","0.40%"
"Nov 03, 2017","200.08","199.55","200.27","199.55","-","0.27%"
"Nov 02, 2017","199.54","200.12","200.56","199.35","-","-0.26%"
"Nov 01, 2017","200.07","198.42","200.48","198.42","-","0.82%"
"Oct 31, 2017","198.44","197.74","198.48","197.36","-","0.37%"
"Oct 30, 2017","197.70","197.50","198.88","197.30","-","0.18%"
"Oct 27, 2017","197.34","196.53","198.05","196.53","-","0.34%"
"Oct 26, 2017","196.67","197.61","197.66","196.53","-","-0.49%"
"Oct 25, 2017","197.63","197.33","198.57","197.33","-","0.14%"
"Oct 24, 2017","197.36","198.25","198.51","197.25","-","-0.40%"
"Oct 23, 2017","198.16","199.07","199.67","198.16","-","-0.48%"
"Oct 20, 2017","199.12","197.80","199.46","197.54","-","0.66%"
"Oct 19, 2017","197.81","200.45","201.17","197.42","-","-1.34%"
"Oct 18, 2017","200.50","200.16","200.50","199.63","-","0.33%"
"Oct 17, 2017","199.84","200.75","201.18","199.84","-","-0.47%"
"Oct 16, 2017","200.79","199.24","200.82","199.18","-","0.84%"
"Oct 13, 2017","199.12","198.86","199.49","198.37","-","0.16%"
"Oct 12, 2017","198.80","198.31","199.47","198.31","-","0.25%"
"Oct 11, 2017","198.31","198.10","199.34","197.98","-","0.17%"
"Oct 10, 2017","197.97","196.99","198.19","196.83","-","0.50%"
"Oct 09, 2017","196.99","197.41","197.42","196.50","-","-0.23%"
"Oct 06, 2017","197.44","196.42","197.71","196.42","-","0.50%"
"Oct 05, 2017","196.46","196.11","196.56","196.10","-","0.20%"
"Oct 04, 2017","196.07","195.28","196.68","195.27","-","0.41%"
"Oct 03, 2017","195.26","191.73","195.35","191.69","-","1.78%"
"Oct 02, 2017","191.85","191.32","192.02","191.31","-","0.36%"
"Sep 29, 2017","191.16","189.83","191.19","189.66","-","0.70%"
"Sep 28, 2017","189.84","191.30","191.47","189.71","-","-0.80%"
"Sep 27, 2017","191.38","189.66","191.40","189.66","-","0.92%"
"Sep 26, 2017","189.64","190.30","190.70","189.24","-","-0.43%"
"Sep 25, 2017","190.46","194.58","194.58","189.98","-","-2.07%"
"Sep 22, 2017","194.49","196.01","196.02","194.20","-","-0.80%"
"Sep 21, 2017","196.05","196.01","196.66","195.69","-","-0.09%"
"Sep 20, 2017","196.23","195.99","196.46","195.58","-","0.12%"
"Sep 19, 2017","196.00","196.52","197.24","195.81","-","-0.31%"
"Sep 18, 2017","196.60","194.03","196.67","194.03","-","1.33%"
"Sep 15, 2017","194.01","193.76","194.29","192.58","-","0.11%"
"Sep 14, 2017","193.79","194.18","194.52","193.52","-","-0.24%"
"Sep 13, 2017","194.26","194.24","194.34","193.14","-","0.00%"
"Sep 12, 2017","194.26","193.40","194.26","193.32","-","0.41%"
"Sep 11, 2017","193.46","191.69","193.47","191.63","-","0.85%"
"Sep 08, 2017","191.83","191.48","192.45","191.48","-","0.37%"
"Sep 07, 2017","191.13","190.72","191.69","190.38","-","0.26%"
"Sep 06, 2017","190.63","191.35","191.35","189.80","-","-0.36%"
"Sep 05, 2017","191.32","191.37","192.08","191.13","-","0.03%"
"Sep 04, 2017","191.27","192.22","192.22","191.04","-","-0.50%"
"Sep 01, 2017","192.23","192.03","192.79","191.97","-","0.10%"
"Aug 31, 2017","192.03","192.03","192.18","191.38","-","0.03%"
"Aug 30, 2017","191.97","189.89","192.14","189.89","-","1.14%"
"Aug 29, 2017","189.80","190.25","190.25","189.03","-","-0.29%"
"Aug 28, 2017","190.36","191.11","191.80","190.17","-","-0.30%"
"Aug 25, 2017","190.93","190.32","191.70","190.14","-","0.36%"
"Aug 24, 2017","190.25","189.24","190.74","189.24","-","0.54%"
"Aug 23, 2017","189.22","189.08","189.34","188.82","-","0.12%"
"Aug 22, 2017","189.00","187.12","189.07","187.12","-","1.03%"
"Aug 21, 2017","187.08","186.19","187.23","186.07","-","0.49%"
"Aug 18, 2017","186.17","187.12","187.12","185.39","-","-0.57%"
"Aug 17, 2017","187.23","186.91","188.21","186.91","-","0.21%"
"Aug 16, 2017","186.83","185.87","187.08","185.73","-","0.49%"
"Aug 15, 2017","185.92","185.79","187.14","185.55","-","0.09%"
"Aug 14, 2017","185.76","184.11","185.87","183.99","-","0.94%"
"Aug 11, 2017","184.03","186.68","186.68","183.41","-","-1.50%"
"Aug 10, 2017","186.84","189.90","189.91","186.63","-","-1.59%"
"Aug 09, 2017","189.86","190.12","190.33","188.92","-","-0.32%"
"Aug 08, 2017","190.46","189.54","190.78","189.36","-","0.52%"
"Aug 07, 2017","189.47","187.71","189.58","187.70","-","0.94%"
"Aug 04, 2017","187.71","187.23","187.87","187.18","-","0.28%"
"Aug 03, 2017","187.18","187.55","187.55","186.49","-","-0.27%"
"Aug 02, 2017","187.68","187.41","188.77","187.15","-","0.13%"
"Aug 01, 2017","187.43","186.96","187.90","186.84","-","0.27%"
"Jul 31, 2017","186.93","185.69","187.36","185.41","-","0.69%"
"Jul 28, 2017","185.65","186.20","186.20","184.73","-","-0.32%"
"Jul 27, 2017","186.24","185.12","187.12","185.12","-","0.75%"
"Jul 26, 2017","184.85","184.28","185.15","183.90","-","0.26%"
"Jul 25, 2017","184.37","184.72","184.82","184.10","-","-0.19%"
"Jul 24, 2017","184.73","183.55","184.81","183.31","-","0.64%"
"Jul 21, 2017","183.55","184.01","184.01","183.32","-","-0.21%"
"Jul 20, 2017","183.94","183.95","184.47","183.69","-","-0.01%"
"Jul 19, 2017","183.96","182.69","184.39","182.61","-","0.71%"
"Jul 18, 2017","182.67","181.90","182.75","181.49","-","0.45%"
"Jul 17, 2017","181.85","181.84","183.08","181.75","-","0.10%"
"Jul 14, 2017","181.67","181.20","181.93","180.93","-","0.26%"
"Jul 13, 2017","181.20","179.51","181.46","179.51","-","1.05%"
"Jul 12, 2017","179.31","178.24","179.54","178.03","-","0.69%"
"Jul 11, 2017","178.09","175.45","178.15","175.45","-","1.52%"
"Jul 10, 2017","175.42","174.84","175.79","174.77","-","0.40%"
"Jul 07, 2017","174.72","175.54","175.54","174.51","-","-0.46%"
"Jul 06, 2017","175.52","176.30","176.52","175.42","-","-0.45%"
"Jul 05, 2017","176.31","174.86","176.31","173.97","-","0.83%"
"Jul 04, 2017","174.85","177.06","177.11","174.38","-","-1.32%"
"Jul 03, 2017","177.19","176.95","177.40","176.47","-","0.14%"
"Jun 30, 2017","176.95","177.91","177.91","176.40","-","-0.63%"
"Jun 29, 2017","178.08","177.61","178.73","177.48","-","0.29%"
"Jun 28, 2017","177.57","178.64","178.64","177.04","-","-0.65%"
"Jun 27, 2017","178.74","179.34","179.48","178.59","-","-0.34%"
"Jun 26, 2017","179.35","177.72","179.88","177.72","-","0.85%"
"Jun 23, 2017","177.83","177.63","178.07","177.40","-","0.13%"
"Jun 22, 2017","177.60","177.31","178.45","177.31","-","0.22%"
"Jun 21, 2017","177.21","177.04","177.25","175.99","-","0.02%"
"Jun 20, 2017","177.17","177.07","177.95","176.98","-","0.03%"
"Jun 19, 2017","177.12","174.60","177.14","174.60","-","1.48%"
"Jun 16, 2017","174.54","174.17","174.75","174.05","-","0.14%"
"Jun 15, 2017","174.29","175.88","175.96","173.71","-","-0.88%"
"Jun 14, 2017","175.83","176.07","176.61","175.29","-","-0.14%"
"Jun 13, 2017","176.07","175.60","176.68","175.56","-","0.20%"
"Jun 12, 2017","175.71","177.71","177.71","175.15","-","-1.17%"
"Jun 09, 2017","177.79","178.85","179.37","177.33","-","-0.61%"
"Jun 08, 2017","178.89","176.98","179.16","176.97","-","1.01%"
"Jun 07, 2017","177.11","176.58","177.14","176.37","-","0.27%"
"Jun 06, 2017","176.64","176.34","176.77","175.92","-","0.18%"
"Jun 05, 2017","176.33","175.97","176.43","175.77","-","0.24%"
"Jun 02, 2017","175.90","175.13","175.99","175.13","-","0.41%"
"Jun 01, 2017","175.19","173.96","175.19","173.90","-","0.67%"
"May 31, 2017","174.03","174.86","175.29","173.88","-","-0.51%"
"May 30, 2017","174.92","175.01","175.07","174.75","-","-0.06%"
"May 29, 2017","175.02","174.67","175.02","174.43","-","0.21%"
"May 26, 2017","174.66","174.65","175.11","174.25","-","-0.04%"
"May 25, 2017","174.73","173.15","174.73","173.15","-","0.95%"
"May 24, 2017","173.09","172.81","173.22","172.34","-","0.12%"
"May 23, 2017","172.89","173.32","173.86","172.74","-","-0.23%"
"May 22, 2017","173.29","171.81","173.42","171.79","-","1.04%"
"May 19, 2017","171.51","170.61","171.96","170.49","-","0.46%"
"May 18, 2017","170.73","171.38","171.39","169.87","-","-0.44%"
"May 17, 2017","171.49","172.32","172.43","171.39","-","-0.51%"
"May 16, 2017","172.37","171.94","172.44","171.21","-","0.30%"
"May 15, 2017","171.86","170.77","172.05","170.71","-","0.62%"
"May 12, 2017","170.80","170.81","171.02","170.44","-","0.01%"
"May 11, 2017","170.79","170.13","171.12","170.08","-","0.43%"
"May 10, 2017","170.06","169.37","170.57","169.33","-","0.44%"
"May 09, 2017","169.32","167.46","169.32","167.46","-","1.06%"
"May 08, 2017","167.55","166.50","167.55","166.50","-","0.64%"
"May 05, 2017","166.49","167.73","167.73","165.98","-","-0.76%"
"May 04, 2017","167.77","168.57","168.61","167.51","-","-0.50%"
"May 03, 2017","168.61","168.70","168.94","168.41","-","0.01%"
"May 02, 2017","168.60","167.67","168.89","167.67","-","0.52%"
"May 01, 2017","167.73","167.51","167.73","167.51","-","0.11%"
"Apr 28, 2017","167.54","167.84","168.07","167.29","-","-0.21%"
"Apr 27, 2017","167.90","167.65","167.92","166.72","-","0.15%"
"Apr 26, 2017","167.65","167.32","168.08","167.27","-","0.21%"
"Apr 25, 2017","167.30","164.96","167.36","164.96","-","1.44%"
"Apr 24, 2017","164.93","164.47","165.16","163.89","-","0.36%"
"Apr 21, 2017","164.34","163.93","164.78","163.93","-","0.26%"
"Apr 20, 2017","163.91","162.55","164.03","162.47","-","0.81%"
"Apr 19, 2017","162.60","163.38","163.38","162.17","-","-0.48%"
"Apr 18, 2017","163.38","164.87","165.09","163.25","-","-0.84%"
"Apr 17, 2017","164.77","164.76","164.83","164.47","-","0.03%"
"Apr 14, 2017","164.72","164.77","164.78","164.61","-","-0.21%"
"Apr 13, 2017","165.07","165.06","165.71","164.66","-","0.12%"
"Apr 12, 2017","164.88","163.82","165.13","163.37","-","0.63%"
"Apr 11, 2017","163.85","164.94","165.19","163.67","-","-0.63%"
"Apr 10, 2017","164.89","164.69","164.99","164.38","-","0.08%"
"Apr 07, 2017","164.75","164.89","164.93","163.14","-","-0.10%"
"Apr 06, 2017","164.92","165.66","165.66","164.45","-","-0.48%"
"Apr 05, 2017","165.71","163.98","165.90","163.98","-","0.95%"
"Apr 04, 2017","164.15","164.23","164.27","163.89","-","-0.10%"
"Apr 03, 2017","164.32","163.37","164.32","163.37","-","0.60%"
"Mar 31, 2017","163.34","164.38","164.43","163.23","-","-0.66%"
"Mar 30, 2017","164.42","165.25","165.46","164.25","-","-0.50%"
"Mar 29, 2017","165.24","165.11","165.77","164.76","-","0.01%"
"Mar 28, 2017","165.22","164.38","165.33","164.38","-","0.54%"
"Mar 27, 2017","164.34","165.12","165.50","164.11","-","-0.36%"
"Mar 24, 2017","164.94","165.05","165.30","164.48","-","-0.08%"
"Mar 23, 2017","165.07","164.61","165.31","164.37","-","0.26%"
"Mar 22, 2017","164.64","165.87","165.87","163.74","-","-0.84%"
"Mar 21, 2017","166.04","165.82","166.78","165.82","-","0.22%"
"Mar 20, 2017","165.67","164.56","165.94","164.26","-","0.69%"
"Mar 17, 2017","164.53","164.09","164.72","163.99","-","0.32%"
"Mar 16, 2017","164.01","161.30","164.24","161.30","-","1.97%"
"Mar 15, 2017","160.84","160.80","161.39","160.09","-","-0.01%"
"Mar 14, 2017","160.85","160.66","161.30","160.66","-","0.09%"
"Mar 13, 2017","160.71","158.84","160.74","158.84","-","1.20%"
"Mar 10, 2017","158.80","158.49","158.93","158.06","-","0.13%"
"Mar 09, 2017","158.60","160.35","160.35","158.38","-","-1.17%"
"Mar 08, 2017","160.48","159.67","160.54","159.20","-","0.48%"
"Mar 07, 2017","159.71","158.89","159.80","158.89","-","0.54%"
"Mar 06, 2017","158.85","158.61","159.16","158.61","-","0.18%"
"Mar 03, 2017","158.56","159.62","159.62","158.35","-","-0.75%"
"Mar 02, 2017","159.76","160.01","161.57","159.53","-","-0.17%"
"Mar 01, 2017","160.03","159.86","160.35","159.63","-","0.08%"
"Feb 28, 2017","159.90","160.67","160.95","159.89","-","-0.42%"
"Feb 27, 2017","160.58","160.87","161.27","160.37","-","-0.14%"
"Feb 24, 2017","160.80","161.81","161.84","160.69","-","-0.61%"
"Feb 23, 2017","161.79","162.12","162.56","161.70","-","-0.20%"
"Feb 22, 2017","162.12","160.70","162.29","160.70","-","0.93%"
"Feb 21, 2017","160.62","160.62","160.93","160.13","-","-0.02%"
"Feb 20, 2017","160.66","160.10","160.91","160.10","-","0.26%"
"Feb 17, 2017","160.25","160.81","160.94","160.01","-","-0.36%"
"Feb 16, 2017","160.83","160.52","161.12","160.16","-","0.20%"
"Feb 15, 2017","160.51","158.96","160.73","158.93","-","1.00%"
"Feb 14, 2017","158.92","158.95","159.36","158.58","-","0.01%"
"Feb 13, 2017","158.91","157.81","159.08","157.81","-","0.72%"
"Feb 10, 2017","157.78","157.21","158.23","157.21","-","0.31%"
"Feb 09, 2017","157.30","156.68","157.85","156.68","-","0.44%"
"Feb 08, 2017","156.61","155.60","156.77","154.78","-","0.62%"
"Feb 07, 2017","155.65","155.69","155.90","155.16","-","-0.01%"
"Feb 06, 2017","155.66","154.33","155.80","154.33","-","1.02%"
"Feb 03, 2017","154.09","154.00","154.48","153.42","-","0.05%"
"Feb 02, 2017","154.01","154.70","155.27","153.79","-","-0.28%"
"Feb 01, 2017","154.45","154.66","154.77","153.56","-","-0.04%"
"Jan 31, 2017","154.51","154.41","154.88","154.35","-","0.02%"
"Jan 30, 2017","154.48","154.32","154.48","154.09","-","-0.06%"
"Jan 27, 2017","154.58","154.62","154.66","154.28","-","-0.14%"
"Jan 26, 2017","154.80","153.92","155.12","153.90","-","0.62%"
"Jan 25, 2017","153.84","153.30","153.91","153.26","-","0.37%"
"Jan 24, 2017","153.28","152.47","153.45","152.40","-","0.56%"
"Jan 23, 2017","152.42","151.39","152.64","151.39","-","0.68%"
"Jan 20, 2017","151.39","151.93","152.04","151.28","-","-0.38%"
"Jan 19, 2017","151.96","152.09","152.09","151.53","-","-0.20%"
"Jan 18, 2017","152.27","151.56","152.59","151.38","-","0.60%"
"Jan 17, 2017","151.36","150.37","151.66","150.37","-","0.61%"
"Jan 16, 2017","150.44","151.74","151.74","150.18","-","-0.87%"
"Jan 13, 2017","151.76","151.44","151.89","151.11","-","0.28%"
"Jan 12, 2017","151.33","151.60","152.07","151.15","-","-0.03%"
"Jan 11, 2017","151.37","150.66","151.62","150.62","-","0.42%"
"Jan 10, 2017","150.73","149.24","150.91","149.22","-","1.03%"
"Jan 09, 2017","149.19","148.91","149.46","148.72","-","0.13%"
"Jan 06, 2017","149.00","149.04","149.70","148.84","-","0.02%"
"Jan 05, 2017","148.97","146.52","149.14","146.44","-","1.83%"
"Jan 04, 2017","146.30","145.78","146.44","145.64","-","0.23%"
"Jan 03, 2017","145.96","144.83","145.96","144.35","-","0.63%"
"Jan 02, 2017","145.05","145.05","145.05","145.05","-","0.00%"
"Dec 30, 2016","145.05","143.76","145.26","143.76","-","0.90%"
"Dec 29, 2016","143.76","143.57","143.87","142.96","-","0.07%"
"Dec 28, 2016","143.66","142.43","143.88","142.43","-","0.86%"
"Dec 27, 2016","142.43","142.42","142.56","142.22","-","0.01%"
"Dec 26, 2016","142.41","142.37","142.49","142.31","-","0.12%"
"Dec 23, 2016","142.24","142.67","142.68","141.95","-","-0.43%"
"Dec 22, 2016","142.85","144.28","144.33","142.62","-","-0.98%"
"Dec 21, 2016","144.26","144.12","144.74","144.08","-","0.03%"
"Dec 20, 2016","144.22","144.47","144.60","143.89","-","-0.19%"
"Dec 19, 2016","144.50","145.75","145.76","144.40","-","-0.86%"
"Dec 16, 2016","145.75","146.26","146.68","145.70","-","-0.39%"
"Dec 15, 2016","146.32","148.62","148.62","146.27","-","-1.58%"
"Dec 14, 2016","148.67","149.04","149.61","148.47","-","-0.23%"
"Dec 13, 2016","149.02","148.55","149.27","148.11","-","0.39%"
"Dec 12, 2016","148.44","150.29","150.75","148.42","-","-1.29%"
"Dec 09, 2016","150.38","150.92","150.92","149.87","-","-0.37%"
"Dec 08, 2016","150.94","149.81","151.16","149.81","-","0.84%"
"Dec 07, 2016","149.68","149.07","149.91","149.07","-","0.38%"
"Dec 06, 2016","149.11","148.39","149.76","148.39","-","0.49%"
"Dec 05, 2016","148.38","148.85","148.91","147.74","-","-0.31%"
"Dec 02, 2016","148.84","150.70","150.70","148.77","-","-1.23%"
"Dec 01, 2016","150.69","150.90","151.87","150.54","-","-0.17%"
"Nov 30, 2016","150.94","150.76","151.56","150.76","-","0.10%"
"Nov 29, 2016","150.79","151.08","151.34","150.44","-","-0.19%"
"Nov 28, 2016","151.07","150.14","151.55","150.10","-","0.76%"
"Nov 25, 2016","149.93","149.35","150.17","149.26","-","0.37%"
"Nov 24, 2016","149.37","149.80","149.80","148.76","-","-0.29%"
"Nov 23, 2016","149.81","149.79","150.42","149.50","-","0.11%"
"Nov 22, 2016","149.65","148.23","150.01","148.23","-","1.07%"
"Nov 21, 2016","148.06","147.64","148.42","147.20","-","0.26%"
"Nov 18, 2016","147.68","147.69","147.99","146.84","-","0.03%"
"Nov 17, 2016","147.64","147.22","147.74","146.71","-","0.26%"
"Nov 16, 2016","147.25","146.86","148.08","146.81","-","0.31%"
"Nov 15, 2016","146.79","146.17","147.15","146.04","-","0.44%"
"Nov 14, 2016","146.14","148.22","148.24","145.93","-","-1.36%"
"Nov 11, 2016","148.15","151.03","151.03","147.68","-","-1.99%"
"Nov 10, 2016","151.16","149.37","152.33","149.37","-","1.14%"
"Nov 09, 2016","149.45","153.11","153.79","147.94","-","-2.31%"
"Nov 08, 2016","152.98","152.20","153.15","152.20","-","0.53%"
"Nov 07, 2016","152.17","150.79","152.37","150.79","-","0.89%"
"Nov 04, 2016","150.83","150.99","151.37","150.64","-","-0.09%"
"Nov 03, 2016","150.97","151.94","151.99","150.85","-","-0.55%"
"Nov 02, 2016","151.80","154.13","154.13","151.74","-","-1.52%"
"Nov 01, 2016","154.14","153.46","154.89","153.27","-","0.44%"
"Oct 31, 2016","153.47","153.85","154.24","152.74","-","-0.25%"
"Oct 28, 2016","153.86","154.53","154.61","153.41","-","-0.47%"
"Oct 27, 2016","154.58","155.80","155.86","154.12","-","-0.84%"
"Oct 26, 2016","155.89","157.35","157.35","155.79","-","-0.87%"
"Oct 25, 2016","157.26","157.05","157.53","156.75","-","0.12%"
"Oct 24, 2016","157.07","155.69","157.11","155.15","-","0.84%"
"Oct 21, 2016","155.76","155.92","155.95","155.35","-","-0.11%"
"Oct 20, 2016","155.93","155.61","156.54","155.55","-","0.20%"
"Oct 19, 2016","155.62","155.53","156.14","155.21","-","0.19%"
"Oct 18, 2016","155.33","153.38","155.71","153.31","-","1.29%"
"Oct 17, 2016","153.35","154.05","154.05","152.66","-","-0.49%"
"Oct 14, 2016","154.11","153.53","154.41","153.35","-","0.40%"
"Oct 13, 2016","153.50","155.40","155.57","153.04","-","-1.29%"
"Oct 12, 2016","155.50","156.00","156.00","154.91","-","-0.34%"
"Oct 11, 2016","156.03","157.91","158.89","155.90","-","-1.20%"
"Oct 10, 2016","157.93","157.56","158.06","157.50","-","0.24%"
"Oct 07, 2016","157.55","158.24","158.28","157.42","-","-0.45%"
"Oct 06, 2016","158.27","157.63","158.47","157.60","-","0.39%"
"Oct 05, 2016","157.66","157.18","157.66","156.54","-","0.20%"
"Oct 04, 2016","157.35","156.52","157.42","156.39","-","0.51%"
"Oct 03, 2016","156.55","154.99","156.99","154.99","-","1.04%"
"Sep 30, 2016","154.94","157.20","157.20","154.78","-","-1.50%"
"Sep 29, 2016","157.30","156.88","158.06","156.88","-","0.30%"
"Sep 28, 2016","156.83","156.75","156.90","156.11","-","0.13%"
"Sep 27, 2016","156.63","155.37","156.72","155.21","-","0.79%"
"Sep 26, 2016","155.40","157.90","157.90","155.28","-","-1.64%"
"Sep 23, 2016","157.99","158.09","158.57","157.81","-","-0.06%"
"Sep 22, 2016","158.09","157.18","158.78","157.17","-","0.74%"
"Sep 21, 2016","156.93","155.54","157.30","155.04","-","0.94%"
"Sep 20, 2016","155.47","155.54","155.81","155.04","-","-0.06%"
"Sep 19, 2016","155.56","153.11","155.95","153.11","-","1.62%"
"Sep 16, 2016","153.08","153.11","153.31","152.96","-","-0.03%"
"Sep 15, 2016","153.12","152.31","153.20","152.21","-","0.56%"
"Sep 14, 2016","152.26","152.24","153.04","151.94","-","-0.06%"
"Sep 13, 2016","152.35","152.77","154.44","152.00","-","-0.24%"
"Sep 12, 2016","152.71","156.15","156.17","152.15","-","-2.78%"
"Sep 09, 2016","157.07","157.61","158.80","156.78","-","-0.42%"
"Sep 08, 2016","157.74","157.14","157.89","156.64","-","0.38%"
"Sep 07, 2016","157.14","157.06","157.63","157.05","-","0.22%"
"Sep 06, 2016","156.79","154.74","157.10","154.70","-","1.38%"
"Sep 05, 2016","154.66","152.35","154.89","152.35","-","1.62%"
"Sep 02, 2016","152.19","151.42","152.40","151.42","-","0.53%"
"Sep 01, 2016","151.39","151.14","151.43","150.09","-","0.17%"
"Aug 31, 2016","151.13","151.80","151.96","150.95","-","-0.49%"
"Aug 30, 2016","151.88","151.01","151.98","150.92","-","0.68%"
"Aug 29, 2016","150.85","151.37","151.37","150.26","-","-0.40%"
"Aug 26, 2016","151.45","150.79","151.62","150.68","-","0.42%"
"Aug 25, 2016","150.81","150.47","151.00","150.27","-","0.27%"
"Aug 24, 2016","150.41","151.38","151.52","150.16","-","-0.72%"
"Aug 23, 2016","151.50","151.37","151.53","150.94","-","0.15%"
"Aug 22, 2016","151.28","151.63","151.64","150.40","-","-0.34%"
"Aug 19, 2016","151.79","152.66","153.42","151.52","-","-0.59%"
"Aug 18, 2016","152.69","151.90","153.39","151.84","-","0.53%"
"Aug 17, 2016","151.89","152.51","152.95","151.63","-","-0.48%"
"Aug 16, 2016","152.63","152.76","153.63","152.39","-","-0.09%"
"Aug 15, 2016","152.76","151.70","152.95","151.53","-","0.67%"
"Aug 12, 2016","151.75","150.39","151.75","150.38","-","0.91%"
"Aug 11, 2016","150.38","150.01","150.50","149.30","-","0.37%"
"Aug 10, 2016","149.82","149.19","150.16","149.17","-","0.51%"
"Aug 09, 2016","149.06","148.90","149.29","148.72","-","0.09%"
"Aug 08, 2016","148.92","147.07","149.00","147.06","-","1.26%"
"Aug 05, 2016","147.07","145.18","147.15","145.10","-","1.36%"
"Aug 04, 2016","145.10","144.61","145.30","144.59","-","0.39%"
"Aug 03, 2016","144.54","146.63","146.63","144.50","-","-1.41%"
"Aug 02, 2016","146.60","147.01","147.01","146.59","-","-0.19%"
"Aug 01, 2016","146.88","144.92","147.06","144.92","-","1.39%"
"Jul 29, 2016","144.86","146.87","146.87","144.86","-","-1.39%"
"Jul 28, 2016","146.90","146.80","146.94","146.04","-","0.12%"
"Jul 27, 2016","146.73","146.22","147.02","145.78","-","0.34%"
"Jul 26, 2016","146.23","145.23","146.56","144.70","-","0.64%"
"Jul 25, 2016","145.30","145.34","146.01","144.61","-","-0.01%"
"Jul 22, 2016","145.31","145.91","145.91","145.01","-","-0.34%"
"Jul 21, 2016","145.81","145.10","146.33","145.10","-","0.45%"
"Jul 20, 2016","145.16","144.30","145.16","144.05","-","0.53%"
"Jul 19, 2016","144.39","144.86","144.89","143.93","-","-0.30%"
"Jul 18, 2016","144.83","143.94","144.94","143.84","-","0.64%"
"Jul 15, 2016","143.91","143.27","144.32","143.15","-","0.54%"
"Jul 14, 2016","143.13","142.01","143.34","141.66","-","0.82%"
"Jul 13, 2016","141.96","141.75","142.42","141.56","-","0.21%"
"Jul 12, 2016","141.66","139.96","142.00","139.95","-","1.19%"
"Jul 11, 2016","140.00","137.32","140.02","137.32","-","1.99%"
"Jul 08, 2016","137.27","137.76","137.79","137.00","-","-0.38%"
"Jul 07, 2016","137.80","136.41","137.86","136.41","-","1.09%"
"Jul 06, 2016","136.32","137.93","137.93","135.73","-","-1.42%"
"Jul 05, 2016","138.29","139.98","139.98","138.11","-","-1.21%"
"Jul 04, 2016","139.98","138.84","140.32","138.68","-","0.82%"
"Jul 01, 2016","138.84","138.47","138.98","138.47","-","0.29%"
"Jun 30, 2016","138.44","136.12","138.51","136.12","-","1.78%"
"Jun 29, 2016","136.02","134.29","136.20","134.29","-","1.30%"
"Jun 28, 2016","134.27","133.79","134.42","132.45","-","0.37%"
"Jun 27, 2016","133.78","134.42","134.53","132.90","-","-0.52%"
"Jun 24, 2016","134.48","138.36","138.70","132.41","-","-2.68%"
"Jun 23, 2016","138.18","138.06","138.45","137.65","-","0.12%"
"Jun 22, 2016","138.02","137.26","138.26","136.55","-","0.58%"
"Jun 21, 2016","137.23","136.39","137.47","136.35","-","0.65%"
"Jun 20, 2016","136.35","134.70","136.57","134.70","-","1.32%"
"Jun 17, 2016","134.58","133.98","135.35","133.98","-","0.47%"
"Jun 16, 2016","133.95","136.10","136.10","133.57","-","-1.50%"
"Jun 15, 2016","135.99","135.35","136.37","134.38","-","0.43%"
"Jun 14, 2016","135.41","135.52","135.72","135.11","-","-0.07%"
"Jun 13, 2016","135.50","138.54","138.54","135.24","-","-2.33%"
"Jun 10, 2016","138.73","140.24","140.26","138.54","-","-1.15%"
"Jun 09, 2016","140.35","140.40","140.46","140.13","-","-0.02%"
"Jun 08, 2016","140.38","140.53","140.79","140.07","-","-0.01%"
"Jun 07, 2016","140.39","138.87","140.78","138.87","-","1.17%"
"Jun 06, 2016","138.77","138.06","138.95","137.67","-","0.75%"
"Jun 03, 2016","137.74","137.34","138.32","137.34","-","0.30%"
"Jun 02, 2016","137.33","137.17","137.64","136.91","-","0.13%"
"Jun 01, 2016","137.15","137.54","138.29","137.14","-","-0.31%"
"May 31, 2016","137.58","136.65","138.20","136.54","-","0.70%"
"May 30, 2016","136.63","136.03","136.97","135.58","-","0.37%"
"May 27, 2016","136.12","134.65","136.12","134.51","-","1.17%"
"May 26, 2016","134.55","134.41","134.67","133.78","-","0.19%"
"May 25, 2016","134.30","131.98","134.67","131.98","-","1.80%"
"May 24, 2016","131.93","132.05","132.06","131.21","-","-0.08%"
"May 23, 2016","132.03","131.04","132.59","130.89","-","0.80%"
"May 20, 2016","130.98","130.03","131.54","129.85","-","0.77%"
"May 19, 2016","129.98","131.18","131.25","129.90","-","-1.02%"
"May 18, 2016","131.32","132.52","132.52","130.92","-","-0.95%"
"May 17, 2016","132.58","131.20","132.71","131.16","-","1.09%"
"May 16, 2016","131.15","130.17","131.51","130.00","-","0.67%"
"May 13, 2016","130.28","131.52","131.52","129.88","-","-1.05%"
"May 12, 2016","131.66","132.38","132.61","131.49","-","-0.52%"
"May 11, 2016","132.35","132.99","133.76","132.01","-","-0.48%"
"May 10, 2016","132.99","132.41","133.12","131.50","-","0.26%"
"May 09, 2016","132.65","132.75","133.52","132.41","-","-0.05%"
"May 06, 2016","132.72","134.36","134.48","132.55","-","-1.27%"
"May 05, 2016","134.43","134.81","134.89","133.89","-","-0.34%"
"May 04, 2016","134.89","135.68","135.68","134.24","-","-0.69%"
"May 03, 2016","135.83","138.09","138.09","135.63","-","-1.62%"
"May 02, 2016","138.06","138.10","138.14","138.02","-","-0.15%"
"Apr 29, 2016","138.27","139.87","139.87","138.07","-","-1.17%"
"Apr 28, 2016","139.90","140.24","141.40","139.60","-","-0.24%"
"Apr 27, 2016","140.24","140.76","140.76","139.88","-","-0.36%"
"Apr 26, 2016","140.74","140.40","141.06","139.35","-","0.21%"
"Apr 25, 2016","140.45","141.21","141.25","140.32","-","-0.62%"
"Apr 22, 2016","141.32","142.16","142.19","140.77","-","-0.64%"
"Apr 21, 2016","142.23","140.63","142.38","140.63","-","1.12%"
"Apr 20, 2016","140.66","142.42","142.62","140.02","-","-1.15%"
"Apr 19, 2016","142.29","141.39","143.00","141.38","-","0.68%"
"Apr 18, 2016","141.33","142.34","142.34","140.59","-","-0.72%"
"Apr 15, 2016","142.36","142.36","142.64","141.87","-","0.02%"
"Apr 14, 2016","142.33","141.70","143.29","141.70","-","0.32%"
"Apr 13, 2016","141.88","138.35","141.88","138.35","-","2.57%"
"Apr 12, 2016","138.32","137.99","138.56","137.89","-","0.23%"
"Apr 11, 2016","138.00","137.14","138.21","136.34","-","0.63%"
"Apr 08, 2016","137.14","136.43","137.32","135.38","-","0.45%"
"Apr 07, 2016","136.52","136.32","137.18","135.87","-","0.20%"
"Apr 06, 2016","136.25","136.69","136.69","135.65","-","-0.42%"
"Apr 05, 2016","136.83","138.04","138.08","136.35","-","-0.98%"
"Apr 04, 2016","138.19","138.15","138.23","138.02","-","-0.02%"
"Apr 01, 2016","138.22","140.12","140.12","137.88","-","-1.37%"
"Mar 31, 2016","140.14","139.84","140.58","139.30","-","0.29%"
"Mar 30, 2016","139.74","136.88","139.95","136.88","-","2.23%"
"Mar 29, 2016","136.69","136.68","137.04","136.02","-","0.12%"
"Mar 28, 2016","136.53","136.62","136.68","136.42","-","-0.04%"
"Mar 25, 2016","136.59","136.87","136.88","136.53","-","-0.14%"
"Mar 24, 2016","136.78","138.15","138.15","136.49","-","-1.05%"
"Mar 23, 2016","138.23","138.89","139.14","137.88","-","-0.47%"
"Mar 22, 2016","138.88","139.14","139.17","138.14","-","-0.17%"
"Mar 21, 2016","139.11","138.56","139.25","138.43","-","0.30%"
"Mar 18, 2016","138.70","137.09","138.80","137.05","-","1.40%"
"Mar 17, 2016","136.79","135.21","137.27","135.21","-","1.46%"
"Mar 16, 2016","134.82","134.61","135.26","134.08","-","0.09%"
"Mar 15, 2016","134.70","136.14","136.14","134.56","-","-1.04%"
"Mar 14, 2016","136.11","134.82","136.71","134.82","-","1.05%"
"Mar 11, 2016","134.69","132.86","134.91","132.34","-","1.43%"
"Mar 10, 2016","132.79","133.01","133.85","132.55","-","-0.04%"
"Mar 09, 2016","132.84","133.28","133.28","131.84","-","-0.37%"
"Mar 08, 2016","133.34","134.43","134.43","132.45","-","-0.74%"
"Mar 07, 2016","134.34","134.46","135.41","134.10","-","0.15%"
"Mar 04, 2016","134.14","132.65","134.63","132.56","-","1.19%"
"Mar 03, 2016","132.56","132.17","133.13","131.69","-","0.38%"
"Mar 02, 2016","132.06","129.05","132.38","129.05","-","2.36%"
"Mar 01, 2016","129.01","126.95","129.17","126.66","-","1.61%"
"Feb 29, 2016","126.97","128.03","128.03","126.53","-","-0.94%"
"Feb 26, 2016","128.17","125.96","128.34","125.96","-","1.79%"
"Feb 25, 2016","125.91","127.17","127.59","125.81","-","-1.05%"
"Feb 24, 2016","127.24","128.28","128.52","126.47","-","-0.85%"
"Feb 23, 2016","128.33","129.06","129.27","128.20","-","-0.53%"
"Feb 22, 2016","129.01","127.82","129.27","127.76","-","0.95%"
"Feb 19, 2016","127.79","127.77","127.83","127.09","-","0.01%"
"Feb 18, 2016","127.78","125.20","127.97","125.20","-","2.07%"
"Feb 17, 2016","125.19","125.79","126.73","124.91","-","-0.53%"
"Feb 16, 2016","125.86","123.80","126.13","123.80","-","1.61%"
"Feb 15, 2016","123.87","121.15","123.94","120.52","-","2.47%"
"Feb 12, 2016","120.88","121.91","121.91","120.82","-","-0.58%"
"Feb 11, 2016","121.58","125.12","125.16","121.58","-","-2.60%"
"Feb 10, 2016","124.83","124.72","125.26","124.69","-","0.13%"
"Feb 09, 2016","124.67","124.65","124.94","124.63","-","-0.12%"
"Feb 08, 2016","124.82","124.80","124.82","124.60","-","-0.10%"
"Feb 05, 2016","124.94","125.22","126.06","124.86","-","0.06%"
"Feb 04, 2016","124.87","123.87","125.40","123.84","-","1.08%"
"Feb 03, 2016","123.54","125.88","126.05","122.87","-","-2.12%"
"Feb 02, 2016","126.21","127.18","127.47","125.90","-","-0.80%"
"Feb 01, 2016","127.23","127.48","127.86","126.39","-","-0.11%"
"Jan 29, 2016","127.37","123.93","127.37","123.58","-","2.78%"
"Jan 28, 2016","123.92","123.19","124.33","122.99","-","0.56%"
"Jan 27, 2016","123.23","122.62","124.20","122.62","-","0.62%"
"Jan 26, 2016","122.47","124.98","124.98","122.26","-","-2.14%"
"Jan 25, 2016","125.15","123.40","125.71","123.40","-","1.44%"
"Jan 22, 2016","123.37","120.17","123.65","120.17","-","2.68%"
"Jan 21, 2016","120.15","121.88","123.53","119.70","-","-1.20%"
"Jan 20, 2016","121.61","126.17","126.17","121.30","-","-3.62%"
"Jan 19, 2016","126.18","124.03","126.43","123.71","-","1.75%"
"Jan 18, 2016","124.01","125.09","125.09","123.42","-","-0.75%"
"Jan 15, 2016","124.95","127.01","127.51","124.85","-","-1.51%"
"Jan 14, 2016","126.87","127.76","127.76","125.21","-","-0.81%"
"Jan 13, 2016","127.90","126.96","129.53","126.96","-","0.82%"
"Jan 12, 2016","126.86","127.53","128.71","126.65","-","-0.46%"
"Jan 11, 2016","127.44","130.89","130.89","127.43","-","-2.78%"
"Jan 08, 2016","131.08","130.63","131.88","130.28","-","0.38%"
"Jan 07, 2016","130.59","134.82","134.82","130.58","-","-3.25%"
"Jan 06, 2016","134.98","136.35","136.39","134.77","-","-0.95%"
"Jan 05, 2016","136.27","136.93","137.80","135.70","-","-0.47%"
"Jan 04, 2016","136.91","141.44","141.44","136.81","-","-3.24%"
"Jan 01, 2016","141.49","141.49","141.49","141.49","-","0.01%"
"Dec 31, 2015","141.47","140.89","141.58","140.79","-","0.35%"
"Dec 30, 2015","140.97","141.84","142.43","140.89","-","-0.61%"
"Dec 29, 2015","141.83","141.89","141.90","141.43","-","-0.03%"
"Dec 28, 2015","141.87","143.04","143.20","141.75","-","-0.82%"
"Dec 25, 2015","143.04","142.83","143.12","142.83","-","0.09%"
"Dec 24, 2015","142.91","142.43","143.52","142.43","-","0.31%"
"Dec 23, 2015","142.47","141.28","142.80","141.28","-","0.82%"
"Dec 22, 2015","141.31","140.86","141.35","140.68","-","0.32%"
"Dec 21, 2015","140.86","140.38","141.12","139.83","-","0.36%"
"Dec 18, 2015","140.36","141.33","141.44","140.06","-","-0.71%"
"Dec 17, 2015","141.37","140.22","142.04","140.22","-","0.78%"
"Dec 16, 2015","140.27","137.90","140.48","137.90","-","1.67%"
"Dec 15, 2015","137.96","137.55","138.60","137.55","-","0.31%"
"Dec 14, 2015","137.53","138.24","138.24","135.82","-","-0.54%"
"Dec 11, 2015","138.28","140.51","140.66","138.25","-","-1.61%"
"Dec 10, 2015","140.54","141.16","141.37","140.23","-","-0.43%"
"Dec 09, 2015","141.15","142.13","142.18","141.06","-","-0.65%"
"Dec 08, 2015","142.08","143.91","143.94","141.59","-","-1.25%"
"Dec 07, 2015","143.88","143.86","144.95","143.86","-","0.06%"
"Dec 04, 2015","143.79","144.90","144.90","143.09","-","-0.72%"
"Dec 03, 2015","144.83","145.32","145.32","144.63","-","-0.44%"
"Dec 02, 2015","145.47","144.88","145.76","144.81","-","0.43%"
"Dec 01, 2015","144.85","142.53","145.27","142.53","-","1.63%"
"Nov 30, 2015","142.53","142.63","143.51","141.55","-","-0.51%"
"Nov 27, 2015","143.26","146.07","146.19","143.16","-","-1.99%"
"Nov 26, 2015","146.17","145.95","147.61","145.95","-","0.17%"
"Nov 25, 2015","145.92","146.31","146.50","145.54","-","-0.22%"
"Nov 24, 2015","146.24","146.93","147.00","145.57","-","-0.56%"
"Nov 23, 2015","147.06","147.54","147.74","146.78","-","-0.26%"
"Nov 20, 2015","147.45","146.24","147.57","145.91","-","0.77%"
"Nov 19, 2015","146.33","144.33","146.54","144.27","-","1.60%"
"Nov 18, 2015","144.02","144.76","145.10","143.91","-","-0.44%"
"Nov 17, 2015","144.66","143.51","146.08","143.51","-","1.19%"
"Nov 16, 2015","142.96","144.64","144.91","142.63","-","-1.54%"
"Nov 13, 2015","145.20","147.54","147.73","144.82","-","-1.81%"
"Nov 12, 2015","147.87","145.65","148.24","145.63","-","1.61%"
"Nov 11, 2015","145.52","146.26","146.45","145.31","-","-0.53%"
"Nov 10, 2015","146.30","148.25","148.27","146.06","-","-1.63%"
"Nov 09, 2015","148.72","149.66","149.97","148.44","-","-0.73%"
"Nov 06, 2015","149.82","151.23","151.23","149.50","-","-0.91%"
"Nov 05, 2015","151.20","151.38","151.88","150.78","-","-0.15%"
"Nov 04, 2015","151.42","148.30","152.46","148.28","-","2.26%"
"Nov 03, 2015","148.07","146.73","148.66","146.73","-","0.98%"
"Nov 02, 2015","146.63","147.56","147.74","146.31","-","-0.61%"
"Oct 30, 2015","147.53","148.20","148.48","147.15","-","-0.41%"
"Oct 29, 2015","148.14","149.43","149.94","148.00","-","-0.92%"
"Oct 28, 2015","149.52","150.43","150.65","149.35","-","-0.78%"
"Oct 27, 2015","150.69","151.01","151.01","149.24","-","-0.27%"
"Oct 26, 2015","151.10","150.99","152.43","150.78","-","0.14%"
"Oct 23, 2015","150.89","149.60","151.33","149.46","-","1.28%"
"Oct 22, 2015","148.99","149.36","149.51","148.40","-","-0.33%"
"Oct 21, 2015","149.49","149.88","150.02","149.37","-","-0.22%"
"Oct 20, 2015","149.82","150.10","150.10","148.98","-","-0.25%"
"Oct 19, 2015","150.19","150.01","150.48","149.23","-","0.14%"
"Oct 16, 2015","149.98","149.64","150.70","149.28","-","0.42%"
"Oct 15, 2015","149.36","146.87","149.68","146.87","-","2.06%"
"Oct 14, 2015","146.34","147.19","147.33","146.04","-","-0.79%"
"Oct 13, 2015","147.50","148.17","148.62","146.82","-","-0.52%"
"Oct 12, 2015","148.27","146.67","148.53","146.36","-","1.57%"
"Oct 09, 2015","145.98","145.78","147.94","145.78","-","0.42%"
"Oct 08, 2015","145.37","146.91","146.95","144.74","-","-0.76%"
"Oct 07, 2015","146.48","142.45","146.77","142.39","-","2.86%"
"Oct 06, 2015","142.41","142.80","144.44","141.89","-","0.22%"
"Oct 05, 2015","142.10","140.65","142.72","140.55","-","1.26%"
"Oct 02, 2015","140.33","137.10","140.43","136.98","-","2.19%"
"Oct 01, 2015","137.32","136.75","137.53","136.57","-","0.52%"
"Sep 30, 2015","136.61","134.10","137.06","134.10","-","1.55%"
"Sep 29, 2015","134.53","134.16","134.53","133.32","-","-2.15%"
"Sep 28, 2015","137.48","137.37","137.48","137.34","-","0.01%"
"Sep 25, 2015","137.47","137.21","138.04","136.26","-","0.10%"
"Sep 24, 2015","137.33","138.41","138.91","136.97","-","-0.79%"
"Sep 23, 2015","138.43","141.35","141.50","137.10","-","-2.59%"
"Sep 22, 2015","142.11","141.87","143.50","141.83","-","0.11%"
"Sep 21, 2015","141.95","143.36","143.36","141.29","-","-1.25%"
"Sep 18, 2015","143.74","142.47","144.05","142.47","-","0.67%"
"Sep 17, 2015","142.79","142.67","144.32","142.25","-","0.38%"
"Sep 16, 2015","142.25","139.77","142.96","139.74","-","2.01%"
"Sep 15, 2015","139.45","140.43","140.60","139.19","-","-0.69%"
"Sep 14, 2015","140.42","140.63","141.65","139.74","-","0.10%"
"Sep 11, 2015","140.28","140.52","142.49","140.20","-","-0.06%"
"Sep 10, 2015","140.36","142.53","142.55","139.80","-","-1.74%"
"Sep 09, 2015","142.85","138.01","143.29","137.97","-","4.14%"
"Sep 08, 2015","137.17","133.74","137.88","133.68","-","2.56%"
"Sep 07, 2015","133.74","134.63","136.22","133.61","-","-0.83%"
"Sep 04, 2015","134.86","135.52","136.88","134.22","-","-0.64%"
"Sep 03, 2015","135.73","135.85","135.86","135.38","-","0.07%"
"Sep 02, 2015","135.64","136.38","137.62","134.35","-","-0.80%"
"Sep 01, 2015","136.73","139.75","139.87","136.67","-","-2.48%"
"Aug 31, 2015","140.21","140.24","140.93","138.15","-","-0.05%"
"Aug 28, 2015","140.28","140.54","143.30","140.26","-","0.34%"
"Aug 27, 2015","139.81","135.31","140.57","135.17","-","3.62%"
"Aug 26, 2015","134.92","135.69","138.22","134.26","-","-0.64%"
"Aug 25, 2015","135.79","133.35","137.98","133.32","-","1.75%"
"Aug 24, 2015","133.46","140.75","140.75","132.92","-","-5.54%"
"Aug 21, 2015","141.28","143.86","144.01","140.35","-","-2.29%"
"Aug 20, 2015","144.59","146.82","146.97","144.09","-","-1.63%"
"Aug 19, 2015","146.98","148.91","149.23","146.65","-","-1.31%"
"Aug 18, 2015","148.93","150.99","152.22","148.81","-","-1.38%"
"Aug 17, 2015","151.01","152.27","152.27","150.42","-","-0.95%"
"Aug 14, 2015","152.46","152.62","152.99","152.22","-","-0.03%"
"Aug 13, 2015","152.50","152.18","153.39","151.70","-","0.40%"
"Aug 12, 2015","151.89","155.19","155.26","151.07","-","-2.48%"
"Aug 11, 2015","155.75","157.29","159.18","155.20","-","-0.58%"
"Aug 10, 2015","156.66","156.00","157.00","154.51","-","0.33%"
"Aug 07, 2015","156.15","154.86","156.58","154.82","-","0.58%"
"Aug 06, 2015","155.25","156.45","156.45","155.03","-","-0.63%"
"Aug 05, 2015","156.24","155.74","156.64","155.58","-","0.21%"
"Aug 04, 2015","155.92","155.50","156.41","154.78","-","0.22%"
"Aug 03, 2015","155.58","157.50","157.50","154.92","-","-1.49%"
"Jul 31, 2015","157.93","157.27","158.06","157.02","-","0.43%"
"Jul 30, 2015","157.25","157.45","159.18","157.12","-","-0.08%"
"Jul 29, 2015","157.38","156.81","157.62","156.34","-","0.43%"
"Jul 28, 2015","156.70","156.54","159.33","155.11","-","0.19%"
"Jul 27, 2015","156.41","161.44","161.56","155.98","-","-3.41%"
"Jul 24, 2015","161.93","163.49","163.59","161.69","-","-0.89%"
"Jul 23, 2015","163.38","162.98","163.85","162.79","-","-0.01%"
"Jul 22, 2015","163.40","164.83","165.00","162.62","-","-1.11%"
"Jul 21, 2015","165.24","164.17","165.57","163.65","-","0.66%"
"Jul 20, 2015","164.15","165.11","165.59","163.66","-","-0.36%"
"Jul 17, 2015","164.74","163.35","165.24","163.12","-","0.94%"
"Jul 16, 2015","163.21","162.78","163.29","161.36","-","0.29%"
"Jul 15, 2015","162.73","163.81","164.14","161.81","-","-0.53%"
"Jul 14, 2015","163.59","164.53","164.76","162.53","-","-0.47%"
"Jul 13, 2015","164.37","162.17","164.55","161.10","-","1.44%"
"Jul 10, 2015","162.04","159.91","162.87","159.91","-","1.98%"
"Jul 09, 2015","158.90","152.77","160.34","152.07","-","3.46%"
"Jul 08, 2015","153.59","161.68","161.73","150.47","-","-5.20%"
"Jul 07, 2015","162.02","164.87","165.81","161.60","-","-1.67%"
"Jul 06, 2015","164.78","169.66","171.30","161.92","-","-3.07%"
"Jul 03, 2015","170.00","171.94","172.08","169.44","-","-1.11%"
"Jul 02, 2015","171.90","172.15","173.03","171.47","-","-0.19%"
"Jul 01, 2015","172.22","171.95","172.54","171.82","-","0.08%"
"Jun 30, 2015","172.09","169.79","172.91","169.27","-","1.39%"
"Jun 29, 2015","169.73","173.77","173.91","167.55","-","-2.79%"
"Jun 26, 2015","174.60","177.45","177.45","173.76","-","-1.59%"
"Jun 25, 2015","177.43","178.32","178.81","177.32","-","-0.47%"
"Jun 24, 2015","178.27","177.83","178.56","177.61","-","0.22%"
"Jun 23, 2015","177.87","176.22","178.26","176.10","-","1.03%"
"Jun 22, 2015","176.05","174.17","176.37","174.17","-","1.27%"
"Jun 19, 2015","173.84","174.17","175.87","173.82","-","-0.06%"
"Jun 18, 2015","173.94","174.28","175.09","173.83","-","-0.22%"
"Jun 17, 2015","174.32","173.11","174.86","173.05","-","0.72%"
"Jun 16, 2015","173.08","175.44","175.44","173.08","-","-1.31%"
"Jun 15, 2015","175.38","177.93","178.03","175.31","-","-1.51%"
"Jun 12, 2015","178.07","175.71","178.10","175.65","-","1.26%"
"Jun 11, 2015","175.85","175.06","176.62","174.93","-","0.61%"
"Jun 10, 2015","174.78","176.05","177.07","174.46","-","-0.48%"
"Jun 09, 2015","175.63","178.40","178.68","175.33","-","-1.68%"
"Jun 08, 2015","178.64","178.52","179.33","177.43","-","-0.17%"
"Jun 05, 2015","178.94","180.09","180.54","178.72","-","-0.73%"
"Jun 04, 2015","180.26","181.74","182.84","178.11","-","-0.87%"
"Jun 03, 2015","181.85","181.52","181.99","180.71","-","0.24%"
"Jun 02, 2015","181.41","182.30","182.41","180.90","-","-0.68%"
"Jun 01, 2015","182.65","181.62","183.52","180.44","-","0.38%"
"May 29, 2015","181.95","182.70","183.08","181.31","-","-0.43%"
"May 28, 2015","182.73","186.35","186.73","181.43","-","-1.72%"
"May 27, 2015","185.93","186.56","186.79","185.56","-","-0.42%"
"May 26, 2015","186.72","185.26","188.21","185.19","-","0.90%"
"May 25, 2015","185.05","184.86","185.05","184.57","-","0.08%"
"May 22, 2015","184.90","182.65","185.16","182.61","-","1.33%"
"May 21, 2015","182.47","183.08","183.08","181.87","-","-0.55%"
"May 20, 2015","183.47","184.63","184.93","183.08","-","-0.63%"
"May 19, 2015","184.64","183.23","184.92","183.11","-","0.82%"
"May 18, 2015","183.14","183.84","183.89","182.37","-","-0.28%"
"May 15, 2015","183.66","181.47","184.09","180.86","-","1.34%"
"May 14, 2015","181.24","181.78","182.26","180.92","-","-0.26%"
"May 13, 2015","181.72","182.12","182.90","181.41","-","-0.15%"
"May 12, 2015","181.99","183.35","183.74","181.93","-","-0.89%"
"May 11, 2015","183.62","183.11","184.46","182.76","-","0.61%"
"May 08, 2015","182.51","180.45","182.89","180.45","-","1.11%"
"May 07, 2015","180.50","183.19","183.21","180.04","-","-1.64%"
"May 06, 2015","183.51","184.30","185.76","183.11","-","-0.57%"
"May 05, 2015","184.56","186.85","187.58","183.65","-","-1.22%"
"May 04, 2015","186.84","186.27","187.59","185.99","-","0.32%"
"May 01, 2015","186.25","186.25","186.25","186.25","-","0.01%"
"Apr 30, 2015","186.24","187.80","187.99","185.62","-","-0.85%"
"Apr 29, 2015","187.83","189.13","189.37","187.05","-","-0.73%"
"Apr 28, 2015","189.21","190.01","190.01","188.24","-","-0.18%"
"Apr 27, 2015","189.56","187.41","189.97","187.41","-","1.22%"
"Apr 24, 2015","187.28","186.00","187.63","184.74","-","0.83%"
"Apr 23, 2015","185.73","185.42","187.36","185.39","-","0.32%"
"Apr 22, 2015","185.14","183.51","185.38","183.20","-","0.98%"
"Apr 21, 2015","183.35","179.88","183.63","179.88","-","1.76%"
"Apr 20, 2015","180.18","183.16","183.91","179.56","-","-1.74%"
"Apr 17, 2015","183.37","183.88","185.17","183.32","-","-0.42%"
"Apr 16, 2015","184.15","182.39","184.25","182.04","-","1.12%"
"Apr 15, 2015","182.11","182.26","183.31","181.29","-","-0.13%"
"Apr 14, 2015","182.35","185.23","185.45","182.17","-","-1.71%"
"Apr 13, 2015","185.52","181.30","185.55","181.26","-","2.25%"
"Apr 10, 2015","181.43","179.74","182.04","178.78","-","1.10%"
"Apr 09, 2015","179.46","175.92","185.78","175.81","-","2.06%"
"Apr 08, 2015","175.84","170.16","175.89","169.92","-","3.30%"
"Apr 07, 2015","170.23","170.35","170.41","169.96","-","0.27%"
"Apr 06, 2015","169.77","169.77","169.77","169.77","-","0.00%"
"Apr 03, 2015","169.77","170.06","170.13","169.77","-","0.00%"
"Apr 02, 2015","169.77","168.04","169.97","168.04","-","1.13%"
"Apr 01, 2015","167.87","166.80","168.01","166.54","-","0.56%"
"Mar 31, 2015","166.93","166.54","168.20","166.37","-","0.45%"
"Mar 30, 2015","166.18","163.85","166.69","163.61","-","1.65%"
"Mar 27, 2015","163.48","163.87","164.20","163.23","-","-0.34%"
"Mar 26, 2015","164.04","164.05","164.49","163.54","-","-0.41%"
"Mar 25, 2015","164.71","164.69","165.19","164.44","-","0.10%"
"Mar 24, 2015","164.55","165.28","165.28","163.99","-","-0.34%"
"Mar 23, 2015","165.11","164.76","165.48","164.50","-","0.35%"
"Mar 20, 2015","164.54","164.43","165.05","164.26","-","-0.18%"
"Mar 19, 2015","164.83","163.16","164.97","163.16","-","1.30%"
"Mar 18, 2015","162.72","161.20","163.15","161.16","-","1.10%"
"Mar 17, 2015","160.95","160.89","162.27","160.59","-","0.16%"
"Mar 16, 2015","160.69","160.38","161.03","159.90","-","0.15%"
"Mar 13, 2015","160.45","160.40","161.32","160.40","-","0.03%"
"Mar 12, 2015","160.40","159.44","160.77","159.34","-","0.60%"
"Mar 11, 2015","159.44","159.98","160.51","159.44","-","-0.57%"
"Mar 10, 2015","160.35","161.97","162.07","160.28","-","-0.99%"
"Mar 09, 2015","161.96","162.29","162.37","160.95","-","-0.52%"
"Mar 06, 2015","162.81","162.35","163.19","162.32","-","0.22%"
"Mar 05, 2015","162.46","163.59","163.59","162.25","-","-0.69%"
"Mar 04, 2015","163.59","164.56","164.69","163.47","-","-0.60%"
"Mar 03, 2015","164.58","165.55","166.05","164.47","-","-0.58%"
"Mar 02, 2015","165.54","165.55","166.42","164.80","-","0.22%"
"Feb 27, 2015","165.18","165.54","166.29","165.09","-","-0.24%"
"Feb 26, 2015","165.57","165.09","165.95","164.36","-","0.26%"
"Feb 25, 2015","165.14","164.56","165.50","164.46","-","0.44%"
"Feb 24, 2015","164.42","164.00","164.64","163.96","-","0.34%"
"Feb 23, 2015","163.86","163.56","164.02","162.82","-","0.01%"
"Feb 20, 2015","163.85","163.85","163.85","163.85","-","-0.01%"
"Feb 19, 2015","163.87","163.87","163.87","163.87","-","0.01%"
"Feb 18, 2015","163.85","163.75","163.90","163.62","-","0.16%"
"Feb 17, 2015","163.59","163.42","163.98","163.09","-","0.08%"
"Feb 16, 2015","163.46","163.62","163.86","163.32","-","0.03%"
"Feb 13, 2015","163.41","162.30","163.54","162.12","-","0.91%"
"Feb 12, 2015","161.93","161.45","161.95","160.70","-","0.41%"
"Feb 11, 2015","161.27","161.42","162.16","161.00","-","-0.02%"
"Feb 10, 2015","161.30","160.92","161.63","160.86","-","0.11%"
"Feb 09, 2015","161.12","161.94","161.96","160.77","-","-0.71%"
"Feb 06, 2015","162.27","162.89","163.17","162.05","-","-0.41%"
"Feb 05, 2015","162.94","162.71","164.63","162.40","-","0.03%"
"Feb 04, 2015","162.89","162.25","163.43","162.25","-","0.59%"
"Feb 03, 2015","161.94","161.11","162.06","160.66","-","0.56%"
"Feb 02, 2015","161.04","161.04","161.34","160.04","-","-0.10%"
"Jan 30, 2015","161.20","162.25","162.86","160.96","-","-0.64%"
"Jan 29, 2015","162.24","163.93","163.96","161.78","-","-1.20%"
"Jan 28, 2015","164.21","164.07","164.80","163.69","-","0.06%"
"Jan 27, 2015","164.11","164.55","164.93","163.35","-","-0.23%"
"Jan 26, 2015","164.49","164.18","164.49","163.55","-","0.21%"
"Jan 23, 2015","164.15","162.10","164.20","162.10","-","1.53%"
"Jan 22, 2015","161.67","161.15","162.38","161.06","-","0.38%"
"Jan 21, 2015","161.05","158.49","161.05","158.46","-","1.76%"
"Jan 20, 2015","158.27","157.00","158.43","156.83","-","0.85%"
"Jan 19, 2015","156.94","159.67","159.67","156.07","-","-1.28%"
"Jan 16, 2015","158.97","160.61","160.61","158.79","-","-0.56%"
"Jan 15, 2015","159.87","158.82","159.96","158.49","-","0.74%"
"Jan 14, 2015","158.69","159.43","159.84","158.42","-","-0.45%"
"Jan 13, 2015","159.40","158.10","159.52","157.67","-","0.73%"
"Jan 12, 2015","158.24","157.91","159.05","157.59","-","0.09%"
"Jan 09, 2015","158.10","157.85","159.46","157.69","-","0.25%"
"Jan 08, 2015","157.70","156.47","158.08","156.47","-","1.06%"
"Jan 07, 2015","156.04","155.15","156.44","154.58","-","0.60%"
"Jan 06, 2015","155.11","156.71","156.85","154.38","-","-1.46%"
"Jan 05, 2015","157.41","158.07","158.64","156.91","-","-0.75%"
"Jan 02, 2015","158.60","157.03","158.60","157.03","-","1.00%"
"Jan 01, 2015","157.03","157.03","157.03","157.03","-","0.00%"
"Dec 31, 2014","157.03","155.87","157.04","155.87","-","0.71%"
"Dec 30, 2014","155.93","157.05","157.53","155.53","-","-0.69%"
"Dec 29, 2014","157.01","154.35","157.53","154.35","-","1.74%"
"Dec 26, 2014","154.32","154.12","154.37","154.07","-","0.24%"
"Dec 25, 2014","153.95","154.19","154.19","153.95","-","-0.12%"
"Dec 24, 2014","154.13","153.98","154.49","153.83","-","0.17%"
"Dec 23, 2014","153.87","154.82","154.99","153.69","-","-0.49%"
"Dec 22, 2014","154.62","153.04","155.13","153.00","-","1.11%"
"Dec 19, 2014","152.93","151.89","153.50","151.71","-","1.14%"
"Dec 18, 2014","151.20","150.16","151.92","150.01","-","0.93%"
"Dec 17, 2014","149.81","151.13","151.25","149.59","-","-0.83%"
"Dec 16, 2014","151.07","152.78","152.98","151.06","-","-1.15%"
"Dec 15, 2014","152.83","153.66","153.72","151.88","-","-0.73%"
"Dec 12, 2014","153.95","154.09","155.04","153.89","-","-0.01%"
"Dec 11, 2014","153.97","155.02","155.08","153.60","-","-0.75%"
"Dec 10, 2014","155.13","155.04","155.82","154.11","-","0.00%"
"Dec 09, 2014","155.13","158.23","158.33","154.73","-","-2.03%"
"Dec 08, 2014","158.35","158.34","159.06","157.96","-","0.00%"
"Dec 05, 2014","158.35","157.74","159.40","157.29","-","0.37%"
"Dec 04, 2014","157.77","155.78","157.82","155.77","-","1.44%"
"Dec 03, 2014","155.53","156.15","157.56","155.16","-","-0.28%"
"Dec 02, 2014","155.97","154.92","156.55","154.25","-","0.53%"
"Dec 01, 2014","155.15","157.65","158.06","154.90","-","-2.24%"
"Nov 28, 2014","158.71","158.46","159.24","158.14","-","0.14%"
"Nov 27, 2014","158.49","158.87","159.93","158.36","-","-0.13%"
"Nov 26, 2014","158.69","157.28","158.88","157.16","-","0.90%"
"Nov 25, 2014","157.27","157.38","157.54","157.03","-","-0.15%"
"Nov 24, 2014","157.50","155.08","157.68","155.00","-","1.78%"
"Nov 21, 2014","154.74","154.37","155.14","154.10","-","0.30%"
"Nov 20, 2014","154.27","153.98","154.59","153.64","-","0.22%"
"Nov 19, 2014","153.93","154.25","154.94","153.74","-","-0.08%"
"Nov 18, 2014","154.06","155.63","156.11","153.84","-","-0.93%"
"Nov 17, 2014","155.50","157.67","158.67","155.48","-","-1.34%"
"Nov 14, 2014","157.61","157.20","157.62","156.87","-","0.26%"
"Nov 13, 2014","157.20","156.35","157.55","156.22","-","0.67%"
"Nov 12, 2014","156.16","156.15","156.43","155.52","-","-0.06%"
"Nov 11, 2014","156.26","156.21","157.06","156.05","-","0.06%"
"Nov 10, 2014","156.17","154.48","157.34","154.46","-","1.25%"
"Nov 07, 2014","154.24","154.51","155.57","153.72","-","-0.26%"
"Nov 06, 2014","154.64","155.32","155.62","154.50","-","-0.48%"
"Nov 05, 2014","155.39","156.45","156.47","155.03","-","-0.63%"
"Nov 04, 2014","156.37","156.69","157.29","156.19","-","-0.12%"
"Nov 03, 2014","156.56","156.88","157.36","156.34","-","-0.13%"
"Oct 31, 2014","156.77","155.02","156.80","154.87","-","1.19%"
"Oct 30, 2014","154.93","155.41","155.50","154.54","-","-0.37%"
"Oct 29, 2014","155.51","153.69","155.62","153.65","-","1.38%"
"Oct 28, 2014","153.39","151.50","153.58","151.46","-","1.60%"
"Oct 27, 2014","150.98","151.97","151.99","150.37","-","-0.49%"
"Oct 24, 2014","151.73","152.34","152.36","151.35","-","-0.39%"
"Oct 23, 2014","152.32","152.60","152.77","151.85","-","-0.24%"
"Oct 22, 2014","152.69","151.23","152.93","151.07","-","1.37%"
"Oct 21, 2014","150.62","150.76","151.43","150.17","-","-0.02%"
"Oct 20, 2014","150.65","150.11","151.50","150.04","-","0.85%"
"Oct 17, 2014","149.38","149.80","150.84","149.09","-","-0.03%"
"Oct 16, 2014","149.42","150.28","150.42","148.92","-","-0.72%"
"Oct 15, 2014","150.50","150.46","151.23","150.10","-","0.01%"
"Oct 14, 2014","150.49","150.43","151.80","150.00","-","0.01%"
"Oct 13, 2014","150.48","150.47","151.09","149.44","-","-0.89%"
"Oct 10, 2014","151.83","153.68","153.68","151.64","-","-1.29%"
"Oct 09, 2014","153.82","152.81","154.22","152.81","-","1.01%"
"Oct 08, 2014","152.28","153.30","153.49","152.20","-","-0.91%"
"Oct 07, 2014","153.68","153.04","154.00","152.53","-","0.31%"
"Oct 06, 2014","153.21","151.90","153.68","151.52","-","0.81%"
"Oct 03, 2014","151.98","150.63","152.47","149.16","-","1.08%"
"Oct 02, 2014","150.35","150.08","150.58","149.99","-","-0.03%"
"Oct 01, 2014","150.40","150.13","150.47","149.94","-","0.09%"
"Sep 30, 2014","150.26","151.41","151.48","149.29","-","-0.75%"
"Sep 29, 2014","151.40","153.87","153.88","150.74","-","-1.61%"
"Sep 26, 2014","153.87","154.10","154.16","153.12","-","-0.39%"
"Sep 25, 2014","154.48","155.89","156.40","154.42","-","-0.75%"
"Sep 24, 2014","155.64","154.94","155.99","154.84","-","0.42%"
"Sep 23, 2014","154.99","155.75","156.17","154.98","-","-0.54%"
"Sep 22, 2014","155.83","157.83","157.83","155.75","-","-1.44%"
"Sep 19, 2014","158.10","158.02","158.61","157.63","-","0.18%"
"Sep 18, 2014","157.81","158.52","158.71","157.46","-","-0.52%"
"Sep 17, 2014","158.63","157.48","159.33","157.48","-","0.95%"
"Sep 16, 2014","157.14","158.98","158.98","157.13","-","-1.22%"
"Sep 15, 2014","159.08","160.12","160.46","158.77","-","-0.80%"
"Sep 12, 2014","160.36","161.22","161.25","160.30","-","-0.55%"
"Sep 11, 2014","161.25","161.89","162.09","160.94","-","-0.32%"
"Sep 10, 2014","161.76","164.16","164.25","161.53","-","-1.67%"
"Sep 09, 2014","164.51","164.61","164.61","164.42","-","0.13%"
"Sep 08, 2014","164.30","164.32","164.56","163.79","-","0.01%"
"Sep 05, 2014","164.29","164.86","164.97","163.77","-","-0.33%"
"Sep 04, 2014","164.83","164.73","165.03","164.22","-","-0.02%"
"Sep 03, 2014","164.86","162.00","164.90","161.92","-","1.93%"
"Sep 02, 2014","161.74","162.15","162.20","160.99","-","-0.34%"
"Sep 01, 2014","162.29","161.81","162.78","161.76","-","0.41%"
"Aug 29, 2014","161.63","161.65","161.88","161.17","-","-0.12%"
"Aug 28, 2014","161.82","162.95","163.52","161.57","-","-0.66%"
"Aug 27, 2014","162.90","163.06","163.80","162.69","-","0.01%"
"Aug 26, 2014","162.88","163.33","163.55","162.82","-","-0.28%"
"Aug 25, 2014","163.34","163.36","163.64","162.47","-","-0.01%"
"Aug 22, 2014","163.35","162.32","163.35","162.31","-","0.68%"
"Aug 21, 2014","162.24","163.27","163.35","161.71","-","-0.66%"
"Aug 20, 2014","163.32","162.75","163.42","162.62","-","0.46%"
"Aug 19, 2014","162.57","161.51","162.85","161.45","-","0.84%"
"Aug 18, 2014","161.22","161.51","161.69","160.54","-","-0.15%"
"Aug 15, 2014","161.47","161.22","161.69","160.88","-","0.23%"
"Aug 14, 2014","161.10","161.88","161.88","160.83","-","-0.28%"
"Aug 13, 2014","161.55","160.16","161.57","160.09","-","0.84%"
"Aug 12, 2014","160.21","159.91","160.21","159.51","-","0.26%"
"Aug 11, 2014","159.79","157.91","159.85","157.91","-","1.21%"
"Aug 08, 2014","157.88","158.22","158.43","156.79","-","-0.30%"
"Aug 07, 2014","158.36","159.32","159.44","158.27","-","-0.56%"
"Aug 06, 2014","159.25","159.14","159.29","158.15","-","0.06%"
"Aug 05, 2014","159.16","160.32","160.40","158.63","-","-0.80%"
"Aug 04, 2014","160.45","159.21","160.71","159.18","-","0.81%"
"Aug 01, 2014","159.16","160.32","160.32","159.01","-","-0.90%"
"Jul 31, 2014","160.61","161.32","161.51","160.07","-","-0.48%"
"Jul 30, 2014","161.38","161.08","162.42","161.01","-","0.24%"
"Jul 29, 2014","160.99","160.58","161.07","160.19","-","0.46%"
"Jul 28, 2014","160.25","159.41","160.84","159.25","-","0.44%"
"Jul 25, 2014","159.55","159.86","160.23","158.96","-","-0.24%"
"Jul 24, 2014","159.93","159.23","159.96","159.10","-","0.60%"
"Jul 23, 2014","158.97","158.15","158.99","158.15","-","0.74%"
"Jul 22, 2014","157.81","155.72","157.87","155.53","-","1.39%"
"Jul 21, 2014","155.64","156.10","156.41","155.59","-","-0.05%"
"Jul 18, 2014","155.72","155.62","155.75","154.65","-","-0.21%"
"Jul 17, 2014","156.05","156.19","156.55","155.46","-","-0.45%"
"Jul 16, 2014","156.75","157.00","157.39","156.44","-","-0.20%"
"Jul 15, 2014","157.06","156.55","157.33","156.41","-","0.51%"
"Jul 14, 2014","156.26","155.83","156.93","155.66","-","0.28%"
"Jul 11, 2014","155.82","156.02","156.58","155.45","-","-0.16%"
"Jul 10, 2014","156.07","155.40","156.24","155.40","-","0.50%"
"Jul 09, 2014","155.29","156.98","157.04","155.01","-","-1.15%"
"Jul 08, 2014","157.10","156.96","157.16","156.65","-","0.04%"
"Jul 07, 2014","157.03","156.75","157.09","156.25","-","0.11%"
"Jul 04, 2014","156.85","156.76","157.05","156.63","-","0.06%"
"Jul 03, 2014","156.75","156.12","156.88","155.98","-","0.31%"
"Jul 02, 2014","156.26","154.38","156.39","154.25","-","1.40%"
"Jul 01, 2014","154.10","153.84","154.24","153.71","-","0.19%"
"Jun 30, 2014","153.81","153.12","154.16","152.83","-","0.48%"
"Jun 27, 2014","153.07","152.91","153.44","152.49","-","0.10%"
"Jun 26, 2014","152.92","151.03","152.92","150.95","-","1.41%"
"Jun 25, 2014","150.79","150.86","151.11","150.58","-","-0.03%"
"Jun 24, 2014","150.84","150.47","151.16","150.32","-","0.32%"
"Jun 23, 2014","150.36","152.20","153.00","150.31","-","-1.12%"
"Jun 20, 2014","152.07","152.28","152.72","152.02","-","-0.09%"
"Jun 19, 2014","152.20","152.29","152.78","152.08","-","0.05%"
"Jun 18, 2014","152.13","152.20","152.64","152.00","-","-0.05%"
"Jun 17, 2014","152.21","152.50","152.57","151.76","-","-0.18%"
"Jun 16, 2014","152.48","152.52","152.68","152.07","-","-0.06%"
"Jun 13, 2014","152.57","151.93","152.80","151.66","-","0.37%"
"Jun 12, 2014","152.01","152.30","152.34","151.58","-","-0.35%"
"Jun 11, 2014","152.54","152.64","152.65","152.03","-","-0.12%"
"Jun 10, 2014","152.72","151.48","152.79","151.27","-","0.88%"
"Jun 09, 2014","151.39","150.79","151.55","150.65","-","0.54%"
"Jun 06, 2014","150.57","151.38","151.96","150.53","-","-0.42%"
"Jun 05, 2014","151.21","151.00","151.29","150.57","-","0.09%"
"Jun 04, 2014","151.08","151.89","151.90","150.84","-","-0.51%"
"Jun 03, 2014","151.85","150.35","151.91","150.35","-","1.02%"
"Jun 02, 2014","150.31","150.31","150.31","150.31","-","-0.01%"
"May 30, 2014","150.33","150.41","151.14","150.14","-","0.06%"
"May 29, 2014","150.24","150.69","151.17","150.06","-","-0.34%"
"May 28, 2014","150.75","149.76","151.12","149.75","-","0.69%"
"May 27, 2014","149.72","149.97","150.02","149.50","-","-0.13%"
"May 26, 2014","149.91","149.82","150.37","149.58","-","0.08%"
"May 23, 2014","149.79","149.48","149.91","149.35","-","0.29%"
"May 22, 2014","149.35","148.03","149.52","148.01","-","1.01%"
"May 21, 2014","147.86","147.60","148.15","147.06","-","0.18%"
"May 20, 2014","147.59","147.45","148.28","147.38","-","0.15%"
"May 19, 2014","147.37","147.59","147.66","146.74","-","-0.12%"
"May 16, 2014","147.54","147.54","147.57","146.49","-","-0.12%"
"May 15, 2014","147.72","146.96","147.86","146.91","-","0.28%"
"May 14, 2014","147.31","145.94","147.49","145.90","-","1.05%"
"May 13, 2014","145.78","145.33","146.29","145.33","-","0.47%"
"May 12, 2014","145.10","143.85","145.62","143.22","-","0.83%"
"May 09, 2014","143.91","144.17","144.47","143.53","-","-0.11%"
"May 08, 2014","144.07","144.00","144.57","143.65","-","0.19%"
"May 07, 2014","143.79","145.08","145.17","143.53","-","-0.94%"
"May 06, 2014","145.15","144.94","145.25","144.84","-","0.14%"
"May 05, 2014","144.94","145.76","146.20","144.38","-","-0.55%"
"May 02, 2014","145.74","144.98","146.06","144.98","-","0.79%"
"May 01, 2014","144.60","144.60","144.60","144.60","-","0.00%"
"Apr 30, 2014","144.60","146.22","146.40","144.42","-","-1.16%"
"Apr 29, 2014","146.30","144.95","146.37","144.62","-","1.05%"
"Apr 28, 2014","144.78","144.86","145.16","144.40","-","-0.29%"
"Apr 25, 2014","145.20","147.48","147.56","145.15","-","-1.56%"
"Apr 24, 2014","147.50","147.20","147.63","146.93","-","0.22%"
"Apr 23, 2014","147.17","148.08","149.06","147.08","-","-0.66%"
"Apr 22, 2014","148.15","148.24","148.40","147.63","-","-0.13%"
"Apr 21, 2014","148.35","148.45","148.45","148.24","-","-0.13%"
"Apr 18, 2014","148.55","148.65","148.76","148.32","-","0.16%"
"Apr 17, 2014","148.31","147.94","148.83","147.91","-","0.32%"
"Apr 16, 2014","147.84","147.90","148.83","147.55","-","-0.08%"
"Apr 15, 2014","147.96","149.71","149.77","147.88","-","-0.99%"
"Apr 14, 2014","149.44","149.55","149.90","149.03","-","-0.14%"
"Apr 11, 2014","149.65","150.44","150.64","149.15","-","-0.77%"
"Apr 10, 2014","150.81","149.07","150.94","148.37","-","1.23%"
"Apr 09, 2014","148.98","147.89","149.50","147.89","-","0.88%"
"Apr 08, 2014","147.68","146.42","147.77","146.42","-","0.81%"
"Apr 07, 2014","146.49","146.66","146.81","146.02","-","-0.29%"
"Apr 04, 2014","146.91","147.04","147.33","146.67","-","-0.24%"
"Apr 03, 2014","147.26","147.00","148.08","146.92","-","0.08%"
"Apr 02, 2014","147.14","146.63","147.61","146.63","-","0.43%"
"Apr 01, 2014","146.51","144.79","146.52","144.72","-","1.16%"
"Mar 31, 2014","144.83","143.81","144.83","143.72","-","0.75%"
"Mar 28, 2014","143.75","142.31","143.98","142.31","-","0.98%"
"Mar 27, 2014","142.35","142.35","142.72","141.33","-","-0.06%"
"Mar 26, 2014","142.44","141.59","142.82","141.57","-","0.76%"
"Mar 25, 2014","141.36","141.41","141.87","140.96","-","-0.13%"
"Mar 24, 2014","141.55","139.41","141.58","139.41","-","1.43%"
"Mar 21, 2014","139.56","138.43","139.61","138.27","-","0.89%"
"Mar 20, 2014","138.33","140.48","140.48","138.14","-","-1.75%"
"Mar 19, 2014","140.79","140.91","141.14","140.46","-","-0.19%"
"Mar 18, 2014","141.06","140.29","141.19","140.29","-","0.56%"
"Mar 17, 2014","140.27","140.36","140.44","139.97","-","-0.08%"
"Mar 14, 2014","140.38","141.85","141.85","139.93","-","-1.05%"
"Mar 13, 2014","141.87","142.07","143.33","141.80","-","-0.11%"
"Mar 12, 2014","142.03","143.71","143.71","141.80","-","-1.20%"
"Mar 11, 2014","143.76","143.40","144.14","143.36","-","0.23%"
"Mar 10, 2014","143.43","145.52","145.55","143.09","-","-1.50%"
"Mar 07, 2014","145.62","145.67","146.64","145.44","-","-0.01%"
"Mar 06, 2014","145.64","144.41","145.78","144.41","-","0.82%"
"Mar 05, 2014","144.46","144.93","145.88","144.32","-","-0.02%"
"Mar 04, 2014","144.49","144.10","144.93","144.05","-","0.12%"
"Mar 03, 2014","144.31","145.48","145.48","144.18","-","-0.97%"
"Feb 28, 2014","145.73","146.19","146.39","145.05","-","0.05%"
"Feb 27, 2014","145.66","143.80","145.69","143.80","-","1.24%"
"Feb 26, 2014","143.87","142.82","144.06","142.64","-","0.67%"
"Feb 25, 2014","142.91","143.10","143.97","142.58","-","0.00%"
"Feb 24, 2014","142.91","144.26","144.30","142.29","-","-1.00%"
"Feb 21, 2014","144.36","143.50","144.84","143.50","-","0.58%"
"Feb 20, 2014","143.53","144.85","145.10","143.06","-","-0.97%"
"Feb 19, 2014","144.94","144.70","145.06","144.24","-","0.12%"
"Feb 18, 2014","144.76","144.64","144.77","143.87","-","0.08%"
"Feb 17, 2014","144.65","143.80","145.00","143.71","-","0.76%"
"Feb 14, 2014","143.56","143.00","144.10","142.96","-","0.66%"
"Feb 13, 2014","142.62","143.56","143.56","142.31","-","-0.62%"
"Feb 12, 2014","143.51","141.96","143.66","141.96","-","1.31%"
"Feb 11, 2014","141.66","139.83","141.96","139.76","-","1.39%"
"Feb 10, 2014","139.72","140.05","140.47","139.51","-","-0.09%"
"Feb 07, 2014","139.85","138.63","140.10","138.48","-","1.22%"
"Feb 06, 2014","138.16","137.20","138.29","137.17","-","0.86%"
"Feb 05, 2014","136.98","137.63","138.83","136.67","-","-1.31%"
"Feb 04, 2014","138.80","141.56","141.56","138.78","-","-2.07%"
"Feb 03, 2014","141.74","141.74","141.74","141.74","-","0.00%"
"Jan 31, 2014","141.74","141.74","141.74","141.74","-","0.00%"
"Jan 30, 2014","141.74","142.11","142.11","140.31","-","-0.33%"
"Jan 29, 2014","142.21","141.21","142.57","141.21","-","0.77%"
"Jan 28, 2014","141.13","141.26","141.42","140.77","-","0.06%"
"Jan 27, 2014","141.04","143.69","143.76","140.64","-","-2.25%"
"Jan 24, 2014","144.28","145.69","145.79","144.08","-","-0.98%"
"Jan 23, 2014","145.71","147.49","147.62","145.59","-","-1.18%"
"Jan 22, 2014","147.45","146.66","147.54","146.35","-","0.40%"
"Jan 21, 2014","146.86","146.53","147.47","146.48","-","0.22%"
"Jan 20, 2014","146.54","147.34","147.45","146.35","-","-0.64%"
"Jan 17, 2014","147.49","146.96","148.10","146.27","-","0.42%"
"Jan 16, 2014","146.87","146.84","147.57","146.65","-","0.23%"
"Jan 15, 2014","146.54","145.92","146.99","145.92","-","0.52%"
"Jan 14, 2014","145.78","146.07","146.20","145.07","-","-0.32%"
"Jan 13, 2014","146.25","146.26","147.16","145.76","-","0.27%"
"Jan 10, 2014","145.85","145.53","146.21","145.41","-","0.27%"
"Jan 09, 2014","145.46","146.61","147.08","145.19","-","-0.93%"
"Jan 08, 2014","146.82","145.57","146.95","145.57","-","0.90%"
"Jan 07, 2014","145.51","145.59","146.13","145.38","-","-0.16%"
"Jan 06, 2014","145.74","146.92","146.99","145.43","-","-0.83%"
"Jan 03, 2014","146.96","149.43","149.43","146.77","-","-1.85%"
"Jan 02, 2014","149.73","149.93","150.57","149.01","-","-0.15%"
"Jan 01, 2014","149.95","149.95","149.95","149.95","-","0.00%"